-- --------------------------------------------------------
-- Host:                         127.0.0.1
-- Server version:               10.0.17-MariaDB - mariadb.org binary distribution
-- Server OS:                    Win32
-- HeidiSQL Version:             9.1.0.4867
-- --------------------------------------------------------

/*!40101 SET @OLD_CHARACTER_SET_CLIENT=@@CHARACTER_SET_CLIENT */;
/*!40101 SET NAMES utf8mb4 */;
/*!40014 SET @OLD_FOREIGN_KEY_CHECKS=@@FOREIGN_KEY_CHECKS, FOREIGN_KEY_CHECKS=0 */;
/*!40101 SET @OLD_SQL_MODE=@@SQL_MODE, SQL_MODE='NO_AUTO_VALUE_ON_ZERO' */;

-- Dumping structure for table akuntansi.aktiva
DROP TABLE IF EXISTS `aktiva`;
CREATE TABLE IF NOT EXISTS `aktiva` (
  `id` int(11) NOT NULL AUTO_INCREMENT,
  `tgl` date NOT NULL,
  `nama` varchar(50) NOT NULL,
  `id_jenis_aset` int(11) NOT NULL,
  `tarif` decimal(9,2) DEFAULT NULL,
  `nilai` decimal(15,2) NOT NULL,
  `bagi` int(11) NOT NULL,
  `susut` decimal(15,2) NOT NULL,
  `tgl_akhir` date NOT NULL,
  `rekdebet` varchar(9) NOT NULL,
  `rekkredit` varchar(9) NOT NULL,
  `divisi` varchar(20) NOT NULL,
  `rek_d_bbsusut` varchar(9) NOT NULL,
  `rek_k_akmsusut` varchar(9) NOT NULL,
  `user_id` int(11) NOT NULL,
  `status` int(11) NOT NULL,
  PRIMARY KEY (`id`),
  KEY `rekdebet` (`rekdebet`)
) ENGINE=MyISAM AUTO_INCREMENT=2 DEFAULT CHARSET=latin1;

-- Dumping data for table akuntansi.aktiva: 1 rows
/*!40000 ALTER TABLE `aktiva` DISABLE KEYS */;
INSERT INTO `aktiva` (`id`, `tgl`, `nama`, `id_jenis_aset`, `tarif`, `nilai`, `bagi`, `susut`, `tgl_akhir`, `rekdebet`, `rekkredit`, `divisi`, `rek_d_bbsusut`, `rek_k_akmsusut`, `user_id`, `status`) VALUES
	(1, '2016-08-05', 'Mobil Honda Jazz', 5, 0.00, 240000000.00, 10, 24000000.00, '0000-00-00', '154', '218', '', '486', '156', 0, 1);
/*!40000 ALTER TABLE `aktiva` ENABLE KEYS */;


-- Dumping structure for table akuntansi.aktiva_details
DROP TABLE IF EXISTS `aktiva_details`;
CREATE TABLE IF NOT EXISTS `aktiva_details` (
  `id` int(11) NOT NULL AUTO_INCREMENT,
  `posted` tinyint(4) NOT NULL,
  `aktiva_id` int(11) NOT NULL,
  `mano_post` date NOT NULL,
  `nilai` decimal(15,2) DEFAULT NULL,
  PRIMARY KEY (`id`),
  KEY `aktiva_id` (`aktiva_id`)
) ENGINE=MyISAM AUTO_INCREMENT=121 DEFAULT CHARSET=latin1;

-- Dumping data for table akuntansi.aktiva_details: 120 rows
/*!40000 ALTER TABLE `aktiva_details` DISABLE KEYS */;
INSERT INTO `aktiva_details` (`id`, `posted`, `aktiva_id`, `mano_post`, `nilai`) VALUES
	(1, 0, 1, '2016-08-31', 2000000.00),
	(2, 0, 1, '2016-09-30', 2000000.00),
	(3, 0, 1, '2016-10-31', 2000000.00),
	(4, 0, 1, '2016-11-30', 2000000.00),
	(5, 0, 1, '2016-12-31', 2000000.00),
	(6, 0, 1, '2017-01-31', 2000000.00),
	(7, 0, 1, '2017-02-28', 2000000.00),
	(8, 0, 1, '2017-03-31', 2000000.00),
	(9, 0, 1, '2017-04-30', 2000000.00),
	(10, 0, 1, '2017-05-31', 2000000.00),
	(11, 0, 1, '2017-06-30', 2000000.00),
	(12, 0, 1, '2017-07-31', 2000000.00),
	(13, 0, 1, '2017-08-31', 2000000.00),
	(14, 0, 1, '2017-09-30', 2000000.00),
	(15, 0, 1, '2017-10-31', 2000000.00),
	(16, 0, 1, '2017-11-30', 2000000.00),
	(17, 0, 1, '2017-12-31', 2000000.00),
	(18, 0, 1, '2018-01-31', 2000000.00),
	(19, 0, 1, '2018-02-28', 2000000.00),
	(20, 0, 1, '2018-03-31', 2000000.00),
	(21, 0, 1, '2018-04-30', 2000000.00),
	(22, 0, 1, '2018-05-31', 2000000.00),
	(23, 0, 1, '2018-06-30', 2000000.00),
	(24, 0, 1, '2018-07-31', 2000000.00),
	(25, 0, 1, '2018-08-31', 2000000.00),
	(26, 0, 1, '2018-09-30', 2000000.00),
	(27, 0, 1, '2018-10-31', 2000000.00),
	(28, 0, 1, '2018-11-30', 2000000.00),
	(29, 0, 1, '2018-12-31', 2000000.00),
	(30, 0, 1, '2019-01-31', 2000000.00),
	(31, 0, 1, '2019-02-28', 2000000.00),
	(32, 0, 1, '2019-03-31', 2000000.00),
	(33, 0, 1, '2019-04-30', 2000000.00),
	(34, 0, 1, '2019-05-31', 2000000.00),
	(35, 0, 1, '2019-06-30', 2000000.00),
	(36, 0, 1, '2019-07-31', 2000000.00),
	(37, 0, 1, '2019-08-31', 2000000.00),
	(38, 0, 1, '2019-09-30', 2000000.00),
	(39, 0, 1, '2019-10-31', 2000000.00),
	(40, 0, 1, '2019-11-30', 2000000.00),
	(41, 0, 1, '2019-12-31', 2000000.00),
	(42, 0, 1, '2020-01-31', 2000000.00),
	(43, 0, 1, '2020-02-29', 2000000.00),
	(44, 0, 1, '2020-03-31', 2000000.00),
	(45, 0, 1, '2020-04-30', 2000000.00),
	(46, 0, 1, '2020-05-31', 2000000.00),
	(47, 0, 1, '2020-06-30', 2000000.00),
	(48, 0, 1, '2020-07-31', 2000000.00),
	(49, 0, 1, '2020-08-31', 2000000.00),
	(50, 0, 1, '2020-09-30', 2000000.00),
	(51, 0, 1, '2020-10-31', 2000000.00),
	(52, 0, 1, '2020-11-30', 2000000.00),
	(53, 0, 1, '2020-12-31', 2000000.00),
	(54, 0, 1, '2021-01-31', 2000000.00),
	(55, 0, 1, '2021-02-28', 2000000.00),
	(56, 0, 1, '2021-03-31', 2000000.00),
	(57, 0, 1, '2021-04-30', 2000000.00),
	(58, 0, 1, '2021-05-31', 2000000.00),
	(59, 0, 1, '2021-06-30', 2000000.00),
	(60, 0, 1, '2021-07-31', 2000000.00),
	(61, 0, 1, '2021-08-31', 2000000.00),
	(62, 0, 1, '2021-09-30', 2000000.00),
	(63, 0, 1, '2021-10-31', 2000000.00),
	(64, 0, 1, '2021-11-30', 2000000.00),
	(65, 0, 1, '2021-12-31', 2000000.00),
	(66, 0, 1, '2022-01-31', 2000000.00),
	(67, 0, 1, '2022-02-28', 2000000.00),
	(68, 0, 1, '2022-03-31', 2000000.00),
	(69, 0, 1, '2022-04-30', 2000000.00),
	(70, 0, 1, '2022-05-31', 2000000.00),
	(71, 0, 1, '2022-06-30', 2000000.00),
	(72, 0, 1, '2022-07-31', 2000000.00),
	(73, 0, 1, '2022-08-31', 2000000.00),
	(74, 0, 1, '2022-09-30', 2000000.00),
	(75, 0, 1, '2022-10-31', 2000000.00),
	(76, 0, 1, '2022-11-30', 2000000.00),
	(77, 0, 1, '2022-12-31', 2000000.00),
	(78, 0, 1, '2023-01-31', 2000000.00),
	(79, 0, 1, '2023-02-28', 2000000.00),
	(80, 0, 1, '2023-03-31', 2000000.00),
	(81, 0, 1, '2023-04-30', 2000000.00),
	(82, 0, 1, '2023-05-31', 2000000.00),
	(83, 0, 1, '2023-06-30', 2000000.00),
	(84, 0, 1, '2023-07-31', 2000000.00),
	(85, 0, 1, '2023-08-31', 2000000.00),
	(86, 0, 1, '2023-09-30', 2000000.00),
	(87, 0, 1, '2023-10-31', 2000000.00),
	(88, 0, 1, '2023-11-30', 2000000.00),
	(89, 0, 1, '2023-12-31', 2000000.00),
	(90, 0, 1, '2024-01-31', 2000000.00),
	(91, 0, 1, '2024-02-29', 2000000.00),
	(92, 0, 1, '2024-03-31', 2000000.00),
	(93, 0, 1, '2024-04-30', 2000000.00),
	(94, 0, 1, '2024-05-31', 2000000.00),
	(95, 0, 1, '2024-06-30', 2000000.00),
	(96, 0, 1, '2024-07-31', 2000000.00),
	(97, 0, 1, '2024-08-31', 2000000.00),
	(98, 0, 1, '2024-09-30', 2000000.00),
	(99, 0, 1, '2024-10-31', 2000000.00),
	(100, 0, 1, '2024-11-30', 2000000.00),
	(101, 0, 1, '2024-12-31', 2000000.00),
	(102, 0, 1, '2025-01-31', 2000000.00),
	(103, 0, 1, '2025-02-28', 2000000.00),
	(104, 0, 1, '2025-03-31', 2000000.00),
	(105, 0, 1, '2025-04-30', 2000000.00),
	(106, 0, 1, '2025-05-31', 2000000.00),
	(107, 0, 1, '2025-06-30', 2000000.00),
	(108, 0, 1, '2025-07-31', 2000000.00),
	(109, 0, 1, '2025-08-31', 2000000.00),
	(110, 0, 1, '2025-09-30', 2000000.00),
	(111, 0, 1, '2025-10-31', 2000000.00),
	(112, 0, 1, '2025-11-30', 2000000.00),
	(113, 0, 1, '2025-12-31', 2000000.00),
	(114, 0, 1, '2026-01-31', 2000000.00),
	(115, 0, 1, '2026-02-28', 2000000.00),
	(116, 0, 1, '2026-03-31', 2000000.00),
	(117, 0, 1, '2026-04-30', 2000000.00),
	(118, 0, 1, '2026-05-31', 2000000.00),
	(119, 0, 1, '2026-06-30', 2000000.00),
	(120, 0, 1, '2026-07-31', 2000000.00);
/*!40000 ALTER TABLE `aktiva_details` ENABLE KEYS */;


-- Dumping structure for table akuntansi.aset_config
DROP TABLE IF EXISTS `aset_config`;
CREATE TABLE IF NOT EXISTS `aset_config` (
  `id` int(11) NOT NULL AUTO_INCREMENT,
  `id_jenis_aset` int(11) NOT NULL DEFAULT '0',
  `bagi` int(11) NOT NULL DEFAULT '0',
  `tarif` int(11) DEFAULT '0',
  `rekdebet` varchar(50) NOT NULL,
  `rek_rekdebet` varchar(50) NOT NULL,
  `rekkredit` varchar(50) NOT NULL,
  `rek_rekkredit` varchar(50) NOT NULL,
  `rek_d_bbsusut` varchar(50) NOT NULL,
  `rek_rek_d_bbsusut` varchar(50) NOT NULL,
  `rek_k_akmsusut` varchar(50) NOT NULL,
  `rek_rek_k_akmsusut` varchar(50) NOT NULL,
  `status` tinyint(4) NOT NULL DEFAULT '0',
  PRIMARY KEY (`id`),
  UNIQUE KEY `id_jenis_aset` (`id_jenis_aset`)
) ENGINE=InnoDB AUTO_INCREMENT=4 DEFAULT CHARSET=latin1;

-- Dumping data for table akuntansi.aset_config: ~1 rows (approximately)
/*!40000 ALTER TABLE `aset_config` DISABLE KEYS */;
INSERT INTO `aset_config` (`id`, `id_jenis_aset`, `bagi`, `tarif`, `rekdebet`, `rek_rekdebet`, `rekkredit`, `rek_rekkredit`, `rek_d_bbsusut`, `rek_rek_d_bbsusut`, `rek_k_akmsusut`, `rek_rek_k_akmsusut`, `status`) VALUES
	(3, 5, 10, 0, 'Mobil', '154', 'Bank Muamalat', '218', 'Beban Penyusutan Mobil', '486', '(Akum. Peny. Mobil)', '156', 1);
/*!40000 ALTER TABLE `aset_config` ENABLE KEYS */;


-- Dumping structure for table akuntansi.aset_kategori
DROP TABLE IF EXISTS `aset_kategori`;
CREATE TABLE IF NOT EXISTS `aset_kategori` (
  `id` int(11) NOT NULL AUTO_INCREMENT,
  `jenis` varchar(100) NOT NULL,
  `status` tinyint(4) NOT NULL DEFAULT '0',
  PRIMARY KEY (`id`)
) ENGINE=InnoDB AUTO_INCREMENT=7 DEFAULT CHARSET=latin1;

-- Dumping data for table akuntansi.aset_kategori: ~6 rows (approximately)
/*!40000 ALTER TABLE `aset_kategori` DISABLE KEYS */;
INSERT INTO `aset_kategori` (`id`, `jenis`, `status`) VALUES
	(1, 'Bangunan', 1),
	(2, 'Tanah', 1),
	(3, 'Peralatan', 1),
	(4, 'Furniture', 1),
	(5, 'Mobil', 1),
	(6, 'Motor', 1);
/*!40000 ALTER TABLE `aset_kategori` ENABLE KEYS */;


-- Dumping structure for table akuntansi.cizacl_resources
DROP TABLE IF EXISTS `cizacl_resources`;
CREATE TABLE IF NOT EXISTS `cizacl_resources` (
  `cizacl_resource_id` int(10) unsigned NOT NULL AUTO_INCREMENT,
  `cizacl_resource_type` enum('controller','function') NOT NULL,
  `cizacl_resource_controller` varchar(50) NOT NULL,
  `cizacl_resource_function` varchar(50) DEFAULT NULL,
  `cizacl_resource_description` varchar(255) DEFAULT NULL,
  `cizacl_resource_added_by` int(10) NOT NULL,
  `cizacl_resource_edited_by` int(10) DEFAULT NULL,
  `cizacl_resource_added_on` int(10) NOT NULL,
  `cizacl_resource_edited_on` int(10) DEFAULT NULL,
  PRIMARY KEY (`cizacl_resource_id`)
) ENGINE=MyISAM AUTO_INCREMENT=36 DEFAULT CHARSET=utf8 ROW_FORMAT=DYNAMIC;

-- Dumping data for table akuntansi.cizacl_resources: 34 rows
/*!40000 ALTER TABLE `cizacl_resources` DISABLE KEYS */;
INSERT INTO `cizacl_resources` (`cizacl_resource_id`, `cizacl_resource_type`, `cizacl_resource_controller`, `cizacl_resource_function`, `cizacl_resource_description`, `cizacl_resource_added_by`, `cizacl_resource_edited_by`, `cizacl_resource_added_on`, `cizacl_resource_edited_on`) VALUES
	(1, 'controller', 'login', NULL, NULL, 0, NULL, 1311112800, NULL),
	(2, 'controller', 'acl', NULL, NULL, 0, NULL, 1311112800, NULL),
	(3, 'controller', 'pengguna', NULL, 'Menentukan user atau pengguna yang akan menggunakan sistem ini', 1, NULL, 1504613182, NULL),
	(6, 'function', 'home', 'utama', 'controller yang wajib digunakan oleh semua user', 1, 1, 1504613327, 1504613647),
	(5, 'controller', 'home', 'index', 'controller yang wajib digunakan oleh semua user', 1, 1, 1504613327, 1504613647),
	(7, 'controller', 'jurnal', NULL, 'Untuk melihat jurnal', 1, NULL, 1504619615, NULL),
	(8, 'function', 'jurnal', 'index', 'Untuk melihat Jurnal', 1, NULL, 1504619645, NULL),
	(9, 'controller', 'donatur', NULL, 'Untuk mengatur data Doantur', 1, NULL, 1504623188, NULL),
	(10, 'function', 'pengguna', 'tambah', 'Menambah pengguna sistem ini', 1, NULL, 1504655533, NULL),
	(11, 'function', 'pengguna', 'ubah', 'mengubah data pengguna', 1, NULL, 1504657595, NULL),
	(12, 'controller', 'kas', NULL, 'Input jurnal kas masuk', 6, NULL, 1504699772, NULL),
	(13, 'controller', 'upload', NULL, 'Controller Organisasi', 1, NULL, 1504841271, NULL),
	(14, 'controller', 'kaskeluar', NULL, 'Input kas keluar', 1, NULL, 1504841682, NULL),
	(15, 'controller', 'aset', NULL, 'controller aset atau inventarisasi', 1, NULL, 1504843443, NULL),
	(16, 'controller', 'asetconfig', NULL, 'konfigurasi aset', 1, NULL, 1504843494, NULL),
	(17, 'controller', 'tipeakun', NULL, 'mengatur Tipe Akun', 1, NULL, 1504843720, NULL),
	(18, 'controller', 'akun', NULL, 'Chart Of Account', 6, NULL, 1504843857, NULL),
	(19, 'controller', 'program', NULL, 'Mengatur Program Kerja', 6, NULL, 1504844075, NULL),
	(20, 'controller', 'resetsistem', NULL, 'HATI HATI, INI RESET DATABASE TRANSAKSI', 6, NULL, 1504844160, NULL),
	(21, 'controller', 'proyek', NULL, 'Proyek di bawah Program', 6, NULL, 1504848244, NULL),
	(22, 'controller', 'kategori_dana', NULL, 'kategori dana', 6, NULL, 1504848283, NULL),
	(23, 'controller', 'tahunbuku', NULL, 'SETTING Periode Tahun buku', 6, NULL, 1504848331, NULL),
	(24, 'controller', 'penyedia', NULL, 'Penyedia', 6, NULL, 1504848377, NULL),
	(25, 'controller', 'master', NULL, 'Pengurus Wilayah dan Daerah', 6, NULL, 1504848423, NULL),
	(26, 'controller', 'bank', NULL, 'Daftar Bank', 6, NULL, 1504848465, NULL),
	(27, 'controller', 'departemen', NULL, 'Departemen', 6, NULL, 1504848497, NULL),
	(28, 'controller', 'pegawai', NULL, 'Manage Pegawai', 6, NULL, 1504848564, NULL),
	(29, 'controller', 'hutang', NULL, 'MAnage Hutang', 1, NULL, 1504849362, NULL),
	(30, 'controller', 'piutang', NULL, 'manage piutang', 1, NULL, 1504849388, NULL),
	(31, 'controller', 'kategori_penyedia', NULL, 'Kategori Penyedia Dana', 1, NULL, 1505267858, NULL),
	(32, 'controller', 'jenjang', NULL, 'Jenjang Kepengurusan', 1, NULL, 1506399533, NULL),
	(33, 'controller', 'keuangankaryawan', NULL, 'Mengelola Master Keuangan Karyawan', 11, NULL, 1509516556, NULL),
	(34, 'controller', 'kepengurusan', NULL, 'Jenjang Kepengurusan', 12, NULL, 1509783383, NULL),
	(35, 'controller', 'akses_menu', NULL, 'Pengaturan menampilkan menu untuk user', 11, NULL, 1510520586, NULL);
/*!40000 ALTER TABLE `cizacl_resources` ENABLE KEYS */;


-- Dumping structure for view akuntansi.cizacl_resources_v
DROP VIEW IF EXISTS `cizacl_resources_v`;
-- Creating temporary table to overcome VIEW dependency errors
CREATE TABLE `cizacl_resources_v` (
	`cizacl_resource_id` INT(10) UNSIGNED NOT NULL,
	`controller` VARCHAR(54) NOT NULL COLLATE 'utf8_general_ci',
	`method` VARCHAR(54) NULL COLLATE 'utf8_general_ci'
) ENGINE=MyISAM;


-- Dumping structure for table akuntansi.cizacl_roles
DROP TABLE IF EXISTS `cizacl_roles`;
CREATE TABLE IF NOT EXISTS `cizacl_roles` (
  `cizacl_role_id` int(10) unsigned NOT NULL AUTO_INCREMENT,
  `cizacl_role_name` varchar(20) NOT NULL,
  `cizacl_role_inherit_id` varchar(50) DEFAULT NULL,
  `cizacl_role_redirect` varchar(255) NOT NULL,
  `cizacl_role_description` varchar(255) DEFAULT NULL,
  `cizacl_role_default` tinyint(1) unsigned NOT NULL,
  `cizacl_role_order` smallint(3) unsigned NOT NULL DEFAULT '998',
  PRIMARY KEY (`cizacl_role_id`)
) ENGINE=MyISAM AUTO_INCREMENT=9 DEFAULT CHARSET=utf8 ROW_FORMAT=DYNAMIC;

-- Dumping data for table akuntansi.cizacl_roles: 6 rows
/*!40000 ALTER TABLE `cizacl_roles` DISABLE KEYS */;
INSERT INTO `cizacl_roles` (`cizacl_role_id`, `cizacl_role_name`, `cizacl_role_inherit_id`, `cizacl_role_redirect`, `cizacl_role_description`, `cizacl_role_default`, `cizacl_role_order`) VALUES
	(1, 'Administrator', NULL, 'home', '', 0, 1),
	(2, 'Guest', NULL, 'login', '', 1, 3),
	(6, 'Penyelia', '["2"]', 'home', 'Default Restrict All', 0, 6),
	(5, 'Pemohon', '["2"]', 'home', 'Default Restrict All', 0, 5),
	(7, 'Pemutus', '["2"]', 'home', 'Default Restrict All', 0, 8),
	(8, 'Admin', '["1"]', 'home', 'default Allow All', 0, 2);
/*!40000 ALTER TABLE `cizacl_roles` ENABLE KEYS */;


-- Dumping structure for table akuntansi.cizacl_rules
DROP TABLE IF EXISTS `cizacl_rules`;
CREATE TABLE IF NOT EXISTS `cizacl_rules` (
  `cizacl_rule_id` int(10) unsigned NOT NULL AUTO_INCREMENT,
  `cizacl_rule_cizacl_role_id` int(11) DEFAULT NULL,
  `cizacl_rule_type` enum('allow','deny') NOT NULL,
  `cizacl_rule_cizacl_resource_controller` text NOT NULL,
  `cizacl_rule_cizacl_resource_function` text,
  `cizacl_rule_status` tinyint(1) unsigned NOT NULL DEFAULT '1',
  `cizacl_rule_description` varchar(255) DEFAULT NULL,
  PRIMARY KEY (`cizacl_rule_id`)
) ENGINE=MyISAM AUTO_INCREMENT=27 DEFAULT CHARSET=utf8 ROW_FORMAT=DYNAMIC;

-- Dumping data for table akuntansi.cizacl_rules: 10 rows
/*!40000 ALTER TABLE `cizacl_rules` DISABLE KEYS */;
INSERT INTO `cizacl_rules` (`cizacl_rule_id`, `cizacl_rule_cizacl_role_id`, `cizacl_rule_type`, `cizacl_rule_cizacl_resource_controller`, `cizacl_rule_cizacl_resource_function`, `cizacl_rule_status`, `cizacl_rule_description`) VALUES
	(1, 1, 'allow', '[null]', '[null]', 1, ''),
	(2, 2, 'allow', '["login"]', '[null]', 1, ''),
	(6, 5, 'deny', '["pengguna"]', '["index"]', 1, 'Tidak Bisa lihat user'),
	(5, 5, 'allow', '["home"]', '[null]', 1, ''),
	(8, 5, 'deny', '[null]', '[null]', 1, 'Default Restrict ALL'),
	(14, 5, 'allow', '["pengguna"]', '["tambah"]', 1, 'by sistem'),
	(23, 5, 'allow', '["aset"]', '[null]', 1, 'by sistem'),
	(24, 5, 'allow', '["acl"]', '[null]', 1, 'by sistem'),
	(25, 5, 'allow', '["akses_menu"]', '[null]', 1, 'by sistem'),
	(26, 5, 'allow', '["akun"]', '[null]', 1, 'by sistem');
/*!40000 ALTER TABLE `cizacl_rules` ENABLE KEYS */;


-- Dumping structure for table akuntansi.ci_sessions
DROP TABLE IF EXISTS `ci_sessions`;
CREATE TABLE IF NOT EXISTS `ci_sessions` (
  `id` varchar(40) NOT NULL,
  `ip_address` varchar(45) NOT NULL,
  `timestamp` int(10) unsigned NOT NULL DEFAULT '0',
  `data` blob NOT NULL,
  KEY `ci_sessions_timestamp` (`timestamp`)
) ENGINE=MyISAM DEFAULT CHARSET=utf8 ROW_FORMAT=DYNAMIC;

-- Dumping data for table akuntansi.ci_sessions: 29 rows
/*!40000 ALTER TABLE `ci_sessions` DISABLE KEYS */;
INSERT INTO `ci_sessions` (`id`, `ip_address`, `timestamp`, `data`) VALUES
	('c00bce962038a5a30678389bd690da65199cea66', '::1', 1512263044, _binary 0x5F5F63695F6C6173745F726567656E65726174657C693A313531323236323938353B757365725F69647C733A323A223131223B757365725F6E616D657C733A363A224E616E616E67223B757365725F7375726E616D657C733A303A22223B757365725F6C6173746163636573737C733A31393A22323031372D30382D31382030393A34363A3233223B757365725F63697A61636C5F726F6C655F69647C733A313A2238223B7365735F69647C733A323A223131223B73657373696F6E5F646174617C613A343A7B733A31383A227365735F6F7267616E69736173695F696432223B733A313A2231223B733A383A227365735F6E616D61223B733A363A224E616E616E67223B733A31343A227365735F746168756E5F62756B75223B733A303A22223B733A31313A227365735F757365725F6964223B733A323A223131223B7D),
	('d90c1e5a3435469bdc69f3dc99b88dafd353f0b8', '::1', 1512263525, _binary 0x5F5F63695F6C6173745F726567656E65726174657C693A313531323236333334373B757365725F69647C733A323A223131223B757365725F6E616D657C733A363A224E616E616E67223B757365725F7375726E616D657C733A303A22223B757365725F6C6173746163636573737C733A31393A22323031372D30382D31382030393A34363A3233223B757365725F63697A61636C5F726F6C655F69647C733A313A2238223B7365735F69647C733A323A223131223B73657373696F6E5F646174617C613A343A7B733A31383A227365735F6F7267616E69736173695F696432223B733A313A2231223B733A383A227365735F6E616D61223B733A363A224E616E616E67223B733A31343A227365735F746168756E5F62756B75223B733A303A22223B733A31313A227365735F757365725F6964223B733A323A223131223B7D),
	('5f80451e7f7347266d2b3d6b20dc19c1350d2314', '::1', 1512265078, _binary 0x5F5F63695F6C6173745F726567656E65726174657C693A313531323236343930303B757365725F69647C733A323A223131223B757365725F6E616D657C733A363A224E616E616E67223B757365725F7375726E616D657C733A303A22223B757365725F6C6173746163636573737C733A31393A22323031372D30382D31382030393A34363A3233223B757365725F63697A61636C5F726F6C655F69647C733A313A2238223B7365735F69647C733A323A223131223B73657373696F6E5F646174617C613A343A7B733A31383A227365735F6F7267616E69736173695F696432223B733A313A2231223B733A383A227365735F6E616D61223B733A363A224E616E616E67223B733A31343A227365735F746168756E5F62756B75223B733A303A22223B733A31313A227365735F757365725F6964223B733A323A223131223B7D),
	('78e56b231e7a2d288566aa934be1cea4f861efec', '::1', 1517199087, _binary 0x5F5F63695F6C6173745F726567656E65726174657C693A313531373139393036383B757365725F69647C733A323A223131223B757365725F6E616D657C733A363A224E616E616E67223B757365725F7375726E616D657C733A303A22223B757365725F6C6173746163636573737C733A31393A22323031372D30382D31382030393A34363A3233223B757365725F63697A61636C5F726F6C655F69647C733A313A2231223B7365735F69647C733A323A223131223B73657373696F6E5F646174617C613A373A7B733A31383A227365735F6F7267616E69736173695F696432223B4E3B733A383A227365735F6E616D61223B733A363A224E616E616E67223B733A31323A226177616C5F706572696F6465223B733A31303A22323031372D31312D3031223B733A31333A22616B6869725F706572696F6465223B733A31303A22323031372D31312D3330223B733A31343A227365735F746168756E5F62756B75223B4E3B733A31313A227365735F757365725F6964223B733A323A223131223B733A383A2269645F67726F7570223B733A313A2231223B7D),
	('a26913e30e654df44156777f0ba796c47f27aca0', '::1', 1517128048, _binary 0x5F5F63695F6C6173745F726567656E65726174657C693A313531373132383030383B757365725F69647C733A323A223131223B757365725F6E616D657C733A363A224E616E616E67223B757365725F7375726E616D657C733A303A22223B757365725F6C6173746163636573737C733A31393A22323031372D30382D31382030393A34363A3233223B757365725F63697A61636C5F726F6C655F69647C733A313A2231223B7365735F69647C733A323A223131223B73657373696F6E5F646174617C613A373A7B733A31383A227365735F6F7267616E69736173695F696432223B4E3B733A383A227365735F6E616D61223B733A363A224E616E616E67223B733A31323A226177616C5F706572696F6465223B733A31303A22323031372D31312D3031223B733A31333A22616B6869725F706572696F6465223B733A31303A22323031372D31312D3330223B733A31343A227365735F746168756E5F62756B75223B4E3B733A31313A227365735F757365725F6964223B733A323A223131223B733A383A2269645F67726F7570223B733A313A2231223B7D),
	('24f3214af2d1cf2344a19af8ddd85d0b99eae21f', '::1', 1511541608, _binary 0x5F5F63695F6C6173745F726567656E65726174657C693A313531313534313630303B757365725F69647C733A323A223131223B757365725F6E616D657C733A363A224E616E616E67223B757365725F7375726E616D657C733A303A22223B757365725F6C6173746163636573737C733A31393A22323031372D30382D31382030393A34363A3233223B757365725F63697A61636C5F726F6C655F69647C733A313A2231223B7365735F69647C733A323A223131223B73657373696F6E5F646174617C613A373A7B733A31383A227365735F6F7267616E69736173695F696432223B4E3B733A383A227365735F6E616D61223B733A363A224E616E616E67223B733A31323A226177616C5F706572696F6465223B733A31303A22323031372D31312D3031223B733A31333A22616B6869725F706572696F6465223B733A31303A22323031372D31312D3330223B733A31343A227365735F746168756E5F62756B75223B4E3B733A31313A227365735F757365725F6964223B733A323A223131223B733A383A2269645F67726F7570223B733A313A2231223B7D),
	('56c80a4e011701e7f9e024c6ead89cabc5224b17', '::1', 1511537196, _binary 0x5F5F63695F6C6173745F726567656E65726174657C693A313531313533363932333B757365725F69647C733A323A223131223B757365725F6E616D657C733A363A224E616E616E67223B757365725F7375726E616D657C733A303A22223B757365725F6C6173746163636573737C733A31393A22323031372D30382D31382030393A34363A3233223B757365725F63697A61636C5F726F6C655F69647C733A313A2231223B7365735F69647C733A323A223131223B73657373696F6E5F646174617C613A373A7B733A31383A227365735F6F7267616E69736173695F696432223B4E3B733A383A227365735F6E616D61223B733A363A224E616E616E67223B733A31323A226177616C5F706572696F6465223B733A31303A22323031372D31312D3031223B733A31333A22616B6869725F706572696F6465223B733A31303A22323031372D31312D3330223B733A31343A227365735F746168756E5F62756B75223B4E3B733A31313A227365735F757365725F6964223B733A323A223131223B733A383A2269645F67726F7570223B733A313A2231223B7D),
	('d1e5cbb7b6638ddf2098004a22343b762792e619', '::1', 1511357074, _binary 0x5F5F63695F6C6173745F726567656E65726174657C693A313531313335373036353B757365725F69647C733A323A223131223B757365725F6E616D657C733A363A224E616E616E67223B757365725F7375726E616D657C733A303A22223B757365725F6C6173746163636573737C733A31393A22323031372D30382D31382030393A34363A3233223B757365725F63697A61636C5F726F6C655F69647C733A313A2231223B7365735F69647C733A323A223131223B73657373696F6E5F646174617C613A373A7B733A31383A227365735F6F7267616E69736173695F696432223B4E3B733A383A227365735F6E616D61223B733A363A224E616E616E67223B733A31323A226177616C5F706572696F6465223B733A31303A22323031372D31312D3031223B733A31333A22616B6869725F706572696F6465223B733A31303A22323031372D31312D3330223B733A31343A227365735F746168756E5F62756B75223B4E3B733A31313A227365735F757365725F6964223B733A323A223131223B733A383A2269645F67726F7570223B733A313A2231223B7D),
	('0d4ec66d16453de0f1b3c9db06c384107c27cdd5', '::1', 1511356696, _binary 0x5F5F63695F6C6173745F726567656E65726174657C693A313531313335363634373B757365725F69647C733A323A223131223B757365725F6E616D657C733A363A224E616E616E67223B757365725F7375726E616D657C733A303A22223B757365725F6C6173746163636573737C733A31393A22323031372D30382D31382030393A34363A3233223B757365725F63697A61636C5F726F6C655F69647C733A313A2231223B7365735F69647C733A323A223131223B73657373696F6E5F646174617C613A373A7B733A31383A227365735F6F7267616E69736173695F696432223B4E3B733A383A227365735F6E616D61223B733A363A224E616E616E67223B733A31323A226177616C5F706572696F6465223B733A31303A22323031372D31312D3031223B733A31333A22616B6869725F706572696F6465223B733A31303A22323031372D31312D3330223B733A31343A227365735F746168756E5F62756B75223B4E3B733A31313A227365735F757365725F6964223B733A323A223131223B733A383A2269645F67726F7570223B733A313A2231223B7D),
	('3260e6443c962f71c02eee65b347a876be5bd06a', '::1', 1510577447, _binary 0x5F5F63695F6C6173745F726567656E65726174657C693A313531303537373434333B),
	('baf223086da6f96e977a7334af8262c9de4a0c37', '::1', 1510565282, _binary 0x5F5F63695F6C6173745F726567656E65726174657C693A313531303536353238323B757365725F69647C733A323A223132223B757365725F6E616D657C733A393A2250656D6F686F6E2031223B757365725F7375726E616D657C733A303A22223B757365725F6C6173746163636573737C733A31393A22323031372D31312D30312031333A32373A3030223B757365725F63697A61636C5F726F6C655F69647C733A313A2235223B73657373696F6E5F646174617C613A373A7B733A31383A227365735F6F7267616E69736173695F696432223B733A313A2231223B733A383A227365735F6E616D61223B733A393A2250656D6F686F6E2031223B733A31323A226177616C5F706572696F6465223B733A31303A22323031372D31312D3031223B733A31333A22616B6869725F706572696F6465223B733A31303A22323031372D31312D3330223B733A31343A227365735F746168756E5F62756B75223B733A303A22223B733A31313A227365735F757365725F6964223B733A323A223132223B733A383A2269645F67726F7570223B733A313A2235223B7D7365735F69647C733A323A223132223B),
	('b16ac4a4d2ac40f563ac092f06d6db9af77de840', '::1', 1510565165, _binary 0x5F5F63695F6C6173745F726567656E65726174657C693A313531303536343838353B757365725F69647C733A323A223132223B757365725F6E616D657C733A393A2250656D6F686F6E2031223B757365725F7375726E616D657C733A303A22223B757365725F6C6173746163636573737C733A31393A22323031372D31312D30312031333A32373A3030223B757365725F63697A61636C5F726F6C655F69647C733A313A2235223B73657373696F6E5F646174617C613A373A7B733A31383A227365735F6F7267616E69736173695F696432223B733A313A2231223B733A383A227365735F6E616D61223B733A393A2250656D6F686F6E2031223B733A31323A226177616C5F706572696F6465223B733A31303A22323031372D31312D3031223B733A31333A22616B6869725F706572696F6465223B733A31303A22323031372D31312D3330223B733A31343A227365735F746168756E5F62756B75223B733A303A22223B733A31313A227365735F757365725F6964223B733A323A223132223B733A383A2269645F67726F7570223B733A313A2235223B7D7365735F69647C733A323A223132223B),
	('4d0a7d69c143bf7ef358f4a7bfda393055fc30de', '::1', 1510564814, _binary 0x5F5F63695F6C6173745F726567656E65726174657C693A313531303536343531343B757365725F69647C733A323A223132223B757365725F6E616D657C733A393A2250656D6F686F6E2031223B757365725F7375726E616D657C733A303A22223B757365725F6C6173746163636573737C733A31393A22323031372D31312D30312031333A32373A3030223B757365725F63697A61636C5F726F6C655F69647C733A313A2235223B73657373696F6E5F646174617C613A373A7B733A31383A227365735F6F7267616E69736173695F696432223B733A313A2231223B733A383A227365735F6E616D61223B733A393A2250656D6F686F6E2031223B733A31323A226177616C5F706572696F6465223B733A31303A22323031372D31312D3031223B733A31333A22616B6869725F706572696F6465223B733A31303A22323031372D31312D3330223B733A31343A227365735F746168756E5F62756B75223B733A303A22223B733A31313A227365735F757365725F6964223B733A323A223132223B733A383A2269645F67726F7570223B733A313A2235223B7D7365735F69647C733A323A223132223B),
	('39bd05fa38fb0f16c4da93da64d0d6501d4e1ce7', '::1', 1510564496, _binary 0x5F5F63695F6C6173745F726567656E65726174657C693A313531303536343139373B757365725F69647C733A323A223132223B757365725F6E616D657C733A393A2250656D6F686F6E2031223B757365725F7375726E616D657C733A303A22223B757365725F6C6173746163636573737C733A31393A22323031372D31312D30312031333A32373A3030223B757365725F63697A61636C5F726F6C655F69647C733A313A2235223B73657373696F6E5F646174617C613A373A7B733A31383A227365735F6F7267616E69736173695F696432223B733A313A2231223B733A383A227365735F6E616D61223B733A393A2250656D6F686F6E2031223B733A31323A226177616C5F706572696F6465223B733A31303A22323031372D31312D3031223B733A31333A22616B6869725F706572696F6465223B733A31303A22323031372D31312D3330223B733A31343A227365735F746168756E5F62756B75223B733A303A22223B733A31313A227365735F757365725F6964223B733A323A223132223B733A383A2269645F67726F7570223B733A313A2235223B7D7365735F69647C733A323A223132223B),
	('59f0ebdbcdcc74763233379ae3d8fee23306263d', '::1', 1510564138, _binary 0x5F5F63695F6C6173745F726567656E65726174657C693A313531303536333839353B757365725F69647C733A323A223132223B757365725F6E616D657C733A393A2250656D6F686F6E2031223B757365725F7375726E616D657C733A303A22223B757365725F6C6173746163636573737C733A31393A22323031372D31312D30312031333A32373A3030223B757365725F63697A61636C5F726F6C655F69647C733A313A2235223B73657373696F6E5F646174617C613A373A7B733A31383A227365735F6F7267616E69736173695F696432223B733A313A2231223B733A383A227365735F6E616D61223B733A393A2250656D6F686F6E2031223B733A31323A226177616C5F706572696F6465223B733A31303A22323031372D31312D3031223B733A31333A22616B6869725F706572696F6465223B733A31303A22323031372D31312D3330223B733A31343A227365735F746168756E5F62756B75223B733A303A22223B733A31313A227365735F757365725F6964223B733A323A223132223B733A383A2269645F67726F7570223B733A313A2235223B7D7365735F69647C733A323A223132223B),
	('f0a6daee62ca175335c97ae0020c7f9d40182596', '::1', 1510563743, _binary 0x5F5F63695F6C6173745F726567656E65726174657C693A313531303536333435393B757365725F69647C733A323A223132223B757365725F6E616D657C733A393A2250656D6F686F6E2031223B757365725F7375726E616D657C733A303A22223B757365725F6C6173746163636573737C733A31393A22323031372D31312D30312031333A32373A3030223B757365725F63697A61636C5F726F6C655F69647C733A313A2235223B73657373696F6E5F646174617C613A373A7B733A31383A227365735F6F7267616E69736173695F696432223B733A313A2231223B733A383A227365735F6E616D61223B733A393A2250656D6F686F6E2031223B733A31323A226177616C5F706572696F6465223B733A31303A22323031372D31312D3031223B733A31333A22616B6869725F706572696F6465223B733A31303A22323031372D31312D3330223B733A31343A227365735F746168756E5F62756B75223B733A303A22223B733A31313A227365735F757365725F6964223B733A323A223132223B733A383A2269645F67726F7570223B733A313A2235223B7D7365735F69647C733A323A223132223B),
	('a52d4c374b5f46c54892dc9cc741dc44fca480aa', '::1', 1510563157, _binary 0x5F5F63695F6C6173745F726567656E65726174657C693A313531303536323935303B757365725F69647C733A323A223132223B757365725F6E616D657C733A393A2250656D6F686F6E2031223B757365725F7375726E616D657C733A303A22223B757365725F6C6173746163636573737C733A31393A22323031372D31312D30312031333A32373A3030223B757365725F63697A61636C5F726F6C655F69647C733A313A2235223B73657373696F6E5F646174617C613A363A7B733A31383A227365735F6F7267616E69736173695F696432223B733A313A2231223B733A383A227365735F6E616D61223B733A393A2250656D6F686F6E2031223B733A31323A226177616C5F706572696F6465223B733A31303A22323031372D31312D3031223B733A31333A22616B6869725F706572696F6465223B733A31303A22323031372D31312D3330223B733A31343A227365735F746168756E5F62756B75223B733A303A22223B733A31313A227365735F757365725F6964223B733A323A223132223B7D7365735F69647C733A323A223132223B),
	('3bd95dce4a593250530be4216b01f3643e8287c8', '::1', 1510562793, _binary 0x5F5F63695F6C6173745F726567656E65726174657C693A313531303536323531373B757365725F69647C733A323A223132223B757365725F6E616D657C733A393A2250656D6F686F6E2031223B757365725F7375726E616D657C733A303A22223B757365725F6C6173746163636573737C733A31393A22323031372D31312D30312031333A32373A3030223B757365725F63697A61636C5F726F6C655F69647C733A313A2235223B73657373696F6E5F646174617C613A363A7B733A31383A227365735F6F7267616E69736173695F696432223B733A313A2231223B733A383A227365735F6E616D61223B733A393A2250656D6F686F6E2031223B733A31323A226177616C5F706572696F6465223B733A31303A22323031372D31312D3031223B733A31333A22616B6869725F706572696F6465223B733A31303A22323031372D31312D3330223B733A31343A227365735F746168756E5F62756B75223B733A303A22223B733A31313A227365735F757365725F6964223B733A323A223132223B7D7365735F69647C733A323A223132223B),
	('8c5973222faa7a78cd265e92af0f0954cb6cda8a', '::1', 1510561561, _binary 0x5F5F63695F6C6173745F726567656E65726174657C693A313531303536313533393B757365725F69647C733A323A223131223B757365725F6E616D657C733A363A224E616E616E67223B757365725F7375726E616D657C733A303A22223B757365725F6C6173746163636573737C733A31393A22323031372D30382D31382030393A34363A3233223B757365725F63697A61636C5F726F6C655F69647C733A313A2231223B7365735F69647C733A323A223131223B73657373696F6E5F646174617C613A363A7B733A31383A227365735F6F7267616E69736173695F696432223B4E3B733A383A227365735F6E616D61223B733A363A224E616E616E67223B733A31323A226177616C5F706572696F6465223B733A31303A22323031372D31312D3031223B733A31333A22616B6869725F706572696F6465223B733A31303A22323031372D31312D3330223B733A31343A227365735F746168756E5F62756B75223B4E3B733A31313A227365735F757365725F6964223B733A323A223131223B7D),
	('ed21e97cc0942e76102add5f4c5aecc0ff352c27', '::1', 1510532268, _binary 0x5F5F63695F6C6173745F726567656E65726174657C693A313531303533323236313B757365725F69647C733A323A223131223B757365725F6E616D657C733A363A224E616E616E67223B757365725F7375726E616D657C733A303A22223B757365725F6C6173746163636573737C733A31393A22323031372D30382D31382030393A34363A3233223B757365725F63697A61636C5F726F6C655F69647C733A313A2231223B7365735F69647C733A323A223131223B73657373696F6E5F646174617C613A363A7B733A31383A227365735F6F7267616E69736173695F696432223B4E3B733A383A227365735F6E616D61223B733A363A224E616E616E67223B733A31323A226177616C5F706572696F6465223B733A31303A22323031372D31312D3031223B733A31333A22616B6869725F706572696F6465223B733A31303A22323031372D31312D3330223B733A31343A227365735F746168756E5F62756B75223B4E3B733A31313A227365735F757365725F6964223B733A323A223131223B7D),
	('4241d4fc651f3f50eaa4c2f1f5c87308919c2ce0', '::1', 1510532067, _binary 0x5F5F63695F6C6173745F726567656E65726174657C693A313531303533313837363B757365725F69647C733A323A223131223B757365725F6E616D657C733A363A224E616E616E67223B757365725F7375726E616D657C733A303A22223B757365725F6C6173746163636573737C733A31393A22323031372D30382D31382030393A34363A3233223B757365725F63697A61636C5F726F6C655F69647C733A313A2231223B7365735F69647C733A323A223131223B73657373696F6E5F646174617C613A363A7B733A31383A227365735F6F7267616E69736173695F696432223B4E3B733A383A227365735F6E616D61223B733A363A224E616E616E67223B733A31323A226177616C5F706572696F6465223B733A31303A22323031372D31312D3031223B733A31333A22616B6869725F706572696F6465223B733A31303A22323031372D31312D3330223B733A31343A227365735F746168756E5F62756B75223B4E3B733A31313A227365735F757365725F6964223B733A323A223131223B7D),
	('3f09393468f4aac202b64e558962d23ed51fb0e4', '::1', 1510530074, _binary 0x5F5F63695F6C6173745F726567656E65726174657C693A313531303533303035383B757365725F69647C733A323A223131223B757365725F6E616D657C733A363A224E616E616E67223B757365725F7375726E616D657C733A303A22223B757365725F6C6173746163636573737C733A31393A22323031372D30382D31382030393A34363A3233223B757365725F63697A61636C5F726F6C655F69647C733A313A2231223B73657373696F6E5F646174617C613A363A7B733A31383A227365735F6F7267616E69736173695F696432223B4E3B733A383A227365735F6E616D61223B733A363A224E616E616E67223B733A31323A226177616C5F706572696F6465223B733A31303A22323031372D31312D3031223B733A31333A22616B6869725F706572696F6465223B733A31303A22323031372D31312D3330223B733A31343A227365735F746168756E5F62756B75223B4E3B733A31313A227365735F757365725F6964223B733A323A223131223B7D7365735F69647C733A323A223131223B),
	('5158062aae6831b65e9f6e1e855f491eaff05b5e', '::1', 1510525296, _binary 0x5F5F63695F6C6173745F726567656E65726174657C693A313531303532353237303B757365725F69647C733A323A223131223B757365725F6E616D657C733A363A224E616E616E67223B757365725F7375726E616D657C733A303A22223B757365725F6C6173746163636573737C733A31393A22323031372D30382D31382030393A34363A3233223B757365725F63697A61636C5F726F6C655F69647C733A313A2231223B73657373696F6E5F646174617C613A363A7B733A31383A227365735F6F7267616E69736173695F696432223B4E3B733A383A227365735F6E616D61223B733A363A224E616E616E67223B733A31323A226177616C5F706572696F6465223B733A31303A22323031372D31312D3031223B733A31333A22616B6869725F706572696F6465223B733A31303A22323031372D31312D3330223B733A31343A227365735F746168756E5F62756B75223B4E3B733A31313A227365735F757365725F6964223B733A323A223131223B7D7365735F69647C733A323A223131223B),
	('faaf493ba6ac626ee4e085998a45634ec9db2e35', '::1', 1510521083, _binary 0x5F5F63695F6C6173745F726567656E65726174657C693A313531303532303837383B757365725F69647C733A323A223131223B757365725F6E616D657C733A363A224E616E616E67223B757365725F7375726E616D657C733A303A22223B757365725F6C6173746163636573737C733A31393A22323031372D30382D31382030393A34363A3233223B757365725F63697A61636C5F726F6C655F69647C733A313A2231223B73657373696F6E5F646174617C613A363A7B733A31383A227365735F6F7267616E69736173695F696432223B4E3B733A383A227365735F6E616D61223B733A363A224E616E616E67223B733A31323A226177616C5F706572696F6465223B733A31303A22323031372D31312D3031223B733A31333A22616B6869725F706572696F6465223B733A31303A22323031372D31312D3330223B733A31343A227365735F746168756E5F62756B75223B4E3B733A31313A227365735F757365725F6964223B733A323A223131223B7D7365735F69647C733A323A223131223B),
	('47fa905727125ba9cf2379558ae5477dc882819f', '::1', 1510520844, _binary 0x5F5F63695F6C6173745F726567656E65726174657C693A313531303532303535313B757365725F69647C733A323A223131223B757365725F6E616D657C733A363A224E616E616E67223B757365725F7375726E616D657C733A303A22223B757365725F6C6173746163636573737C733A31393A22323031372D30382D31382030393A34363A3233223B757365725F63697A61636C5F726F6C655F69647C733A313A2231223B73657373696F6E5F646174617C613A363A7B733A31383A227365735F6F7267616E69736173695F696432223B4E3B733A383A227365735F6E616D61223B733A363A224E616E616E67223B733A31323A226177616C5F706572696F6465223B733A31303A22323031372D31312D3031223B733A31333A22616B6869725F706572696F6465223B733A31303A22323031372D31312D3330223B733A31343A227365735F746168756E5F62756B75223B4E3B733A31313A227365735F757365725F6964223B733A323A223131223B7D7365735F69647C733A323A223131223B),
	('94bd9d7d32940b519b30bfb711b77eb3f7c07a18', '::1', 1510519997, _binary 0x5F5F63695F6C6173745F726567656E65726174657C693A313531303531393934333B757365725F69647C733A323A223131223B757365725F6E616D657C733A363A224E616E616E67223B757365725F7375726E616D657C733A303A22223B757365725F6C6173746163636573737C733A31393A22323031372D30382D31382030393A34363A3233223B757365725F63697A61636C5F726F6C655F69647C733A313A2231223B73657373696F6E5F646174617C613A363A7B733A31383A227365735F6F7267616E69736173695F696432223B4E3B733A383A227365735F6E616D61223B733A363A224E616E616E67223B733A31323A226177616C5F706572696F6465223B733A31303A22323031372D31312D3031223B733A31333A22616B6869725F706572696F6465223B733A31303A22323031372D31312D3330223B733A31343A227365735F746168756E5F62756B75223B4E3B733A31313A227365735F757365725F6964223B733A323A223131223B7D7365735F69647C733A323A223131223B),
	('4a4e759da30ac9457f6391931f77213d78e221d6', '::1', 1510518113, _binary 0x5F5F63695F6C6173745F726567656E65726174657C693A313531303531383131323B757365725F69647C733A323A223131223B757365725F6E616D657C733A363A224E616E616E67223B757365725F7375726E616D657C733A303A22223B757365725F6C6173746163636573737C733A31393A22323031372D30382D31382030393A34363A3233223B757365725F63697A61636C5F726F6C655F69647C733A313A2231223B73657373696F6E5F646174617C613A363A7B733A31383A227365735F6F7267616E69736173695F696432223B4E3B733A383A227365735F6E616D61223B733A363A224E616E616E67223B733A31323A226177616C5F706572696F6465223B733A31303A22323031372D31312D3031223B733A31333A22616B6869725F706572696F6465223B733A31303A22323031372D31312D3330223B733A31343A227365735F746168756E5F62756B75223B4E3B733A31313A227365735F757365725F6964223B733A323A223131223B7D7365735F69647C733A323A223131223B),
	('651f22cbaf6045f72fe8c1306762ff2ed5ee958b', '::1', 1510517850, _binary 0x5F5F63695F6C6173745F726567656E65726174657C693A313531303531373734353B757365725F69647C733A323A223131223B757365725F6E616D657C733A363A224E616E616E67223B757365725F7375726E616D657C733A303A22223B757365725F6C6173746163636573737C733A31393A22323031372D30382D31382030393A34363A3233223B757365725F63697A61636C5F726F6C655F69647C733A313A2231223B73657373696F6E5F646174617C613A363A7B733A31383A227365735F6F7267616E69736173695F696432223B4E3B733A383A227365735F6E616D61223B733A363A224E616E616E67223B733A31323A226177616C5F706572696F6465223B733A31303A22323031372D31312D3031223B733A31333A22616B6869725F706572696F6465223B733A31303A22323031372D31312D3330223B733A31343A227365735F746168756E5F62756B75223B4E3B733A31313A227365735F757365725F6964223B733A323A223131223B7D7365735F69647C733A323A223131223B),
	('1929467f7b5ec2693297418f816ef692a88114df', '::1', 1510517707, _binary 0x5F5F63695F6C6173745F726567656E65726174657C693A313531303531373433343B757365725F69647C733A323A223131223B757365725F6E616D657C733A363A224E616E616E67223B757365725F7375726E616D657C733A303A22223B757365725F6C6173746163636573737C733A31393A22323031372D30382D31382030393A34363A3233223B757365725F63697A61636C5F726F6C655F69647C733A313A2231223B73657373696F6E5F646174617C613A363A7B733A31383A227365735F6F7267616E69736173695F696432223B4E3B733A383A227365735F6E616D61223B733A363A224E616E616E67223B733A31323A226177616C5F706572696F6465223B733A31303A22323031372D31312D3031223B733A31333A22616B6869725F706572696F6465223B733A31303A22323031372D31312D3330223B733A31343A227365735F746168756E5F62756B75223B4E3B733A31313A227365735F757365725F6964223B733A323A223131223B7D7365735F69647C733A323A223131223B);
/*!40000 ALTER TABLE `ci_sessions` ENABLE KEYS */;


-- Dumping structure for table akuntansi.counter
DROP TABLE IF EXISTS `counter`;
CREATE TABLE IF NOT EXISTS `counter` (
  `id` int(11) NOT NULL AUTO_INCREMENT,
  `jenis_jurnal` varchar(15) DEFAULT NULL,
  `urut` int(11) DEFAULT NULL,
  `tahun` int(11) DEFAULT NULL,
  `bulan` char(2) DEFAULT NULL,
  `ip` varchar(50) DEFAULT NULL,
  `user` int(11) DEFAULT NULL,
  `waktu` timestamp NULL DEFAULT CURRENT_TIMESTAMP,
  PRIMARY KEY (`id`)
) ENGINE=InnoDB AUTO_INCREMENT=165 DEFAULT CHARSET=latin1;

-- Dumping data for table akuntansi.counter: ~163 rows (approximately)
/*!40000 ALTER TABLE `counter` DISABLE KEYS */;
INSERT INTO `counter` (`id`, `jenis_jurnal`, `urut`, `tahun`, `bulan`, `ip`, `user`, `waktu`) VALUES
	(1, 'ASET', 0, NULL, NULL, NULL, NULL, '2017-08-30 08:27:31'),
	(2, 'ASET', 0, NULL, NULL, NULL, NULL, '2017-08-30 08:27:31'),
	(3, 'ASET-PY', 0, NULL, NULL, NULL, NULL, '2017-08-30 08:27:31'),
	(4, 'ASET-PY', 0, NULL, NULL, NULL, NULL, '2017-08-30 08:27:31'),
	(5, 'ASET-PY', 0, NULL, NULL, NULL, NULL, '2017-08-30 08:27:31'),
	(6, 'ASET-PY', 0, NULL, NULL, NULL, NULL, '2017-08-30 08:27:31'),
	(7, 'ASET-PY', 0, NULL, NULL, NULL, NULL, '2017-08-30 08:27:31'),
	(8, 'ASET-PY', 0, NULL, NULL, NULL, NULL, '2017-08-30 08:27:31'),
	(9, 'ASET-PY', 0, NULL, NULL, NULL, NULL, '2017-08-30 08:27:31'),
	(10, 'ASET-PY', 0, NULL, NULL, NULL, NULL, '2017-08-30 08:27:31'),
	(11, 'ASET-PY', 0, NULL, NULL, NULL, NULL, '2017-08-30 08:27:31'),
	(12, 'ASET-PY', 0, NULL, NULL, NULL, NULL, '2017-08-30 08:27:31'),
	(13, 'ASET-PY', 0, NULL, NULL, NULL, NULL, '2017-08-30 08:27:31'),
	(14, 'ASET-PY', 0, NULL, NULL, NULL, NULL, '2017-08-30 08:27:31'),
	(15, 'ASET-PY', 0, NULL, NULL, NULL, NULL, '2017-08-30 08:27:31'),
	(16, 'ASET-PY', 0, NULL, NULL, NULL, NULL, '2017-08-30 08:27:31'),
	(17, 'ASET-PY', 0, NULL, NULL, NULL, NULL, '2017-08-30 08:27:31'),
	(18, 'ASET-PY', 0, NULL, NULL, NULL, NULL, '2017-08-30 08:27:31'),
	(19, 'ASET-PY', 0, NULL, NULL, NULL, NULL, '2017-08-30 08:27:31'),
	(20, 'ASET-PY', 0, NULL, NULL, NULL, NULL, '2017-08-30 08:27:31'),
	(21, 'ASET-PY', 0, NULL, NULL, NULL, NULL, '2017-08-30 08:27:31'),
	(22, 'ASET-PY', 0, NULL, NULL, NULL, NULL, '2017-08-30 08:27:31'),
	(23, 'ASET-PY', 0, NULL, NULL, NULL, NULL, '2017-08-30 08:27:31'),
	(24, 'ASET-PY', 0, NULL, NULL, NULL, NULL, '2017-08-30 08:27:31'),
	(25, 'ASET-PY', 0, NULL, NULL, NULL, NULL, '2017-08-30 08:27:31'),
	(26, 'ASET-PY', 0, NULL, NULL, NULL, NULL, '2017-08-30 08:27:31'),
	(27, 'ASET-PY', 0, NULL, NULL, NULL, NULL, '2017-08-30 08:27:31'),
	(28, 'ASET-PY', 0, NULL, NULL, NULL, NULL, '2017-08-30 08:27:31'),
	(29, 'ASET-PY', 0, NULL, NULL, NULL, NULL, '2017-08-30 08:27:31'),
	(30, 'ASET-PY', 0, NULL, NULL, NULL, NULL, '2017-08-30 08:27:31'),
	(31, 'ASET-PY', 0, NULL, NULL, NULL, NULL, '2017-08-30 08:27:31'),
	(32, 'ASET-PY', 0, NULL, NULL, NULL, NULL, '2017-08-30 08:27:31'),
	(33, 'ASET-PY', 0, NULL, NULL, NULL, NULL, '2017-08-30 08:27:31'),
	(34, 'ASET-PY', 0, NULL, NULL, NULL, NULL, '2017-08-30 08:27:31'),
	(35, 'ASET-PY', 0, NULL, NULL, NULL, NULL, '2017-08-30 08:27:31'),
	(36, 'ASET-PY', 0, NULL, NULL, NULL, NULL, '2017-08-30 08:27:31'),
	(37, 'ASET-PY', 0, NULL, NULL, NULL, NULL, '2017-08-30 08:27:31'),
	(38, 'ASET-PY', 0, NULL, NULL, NULL, NULL, '2017-08-30 08:27:31'),
	(39, 'ASET-PY', 0, NULL, NULL, NULL, NULL, '2017-08-30 08:27:31'),
	(40, 'ASET-PY', 0, NULL, NULL, NULL, NULL, '2017-08-30 08:27:31'),
	(41, 'ASET-PY', 0, NULL, NULL, NULL, NULL, '2017-08-30 08:27:31'),
	(42, 'ASET-PY', 0, NULL, NULL, NULL, NULL, '2017-08-30 08:27:31'),
	(43, 'ASET-PY', 0, NULL, NULL, NULL, NULL, '2017-08-30 08:27:31'),
	(44, 'ASET-PY', 0, NULL, NULL, NULL, NULL, '2017-08-30 08:27:31'),
	(45, 'ASET-PY', 0, NULL, NULL, NULL, NULL, '2017-08-30 08:27:31'),
	(46, 'ASET-PY', 0, NULL, NULL, NULL, NULL, '2017-08-30 08:27:31'),
	(47, 'ASET-PY', 0, NULL, NULL, NULL, NULL, '2017-08-30 08:27:31'),
	(48, 'ASET-PY', 0, NULL, NULL, NULL, NULL, '2017-08-30 08:27:31'),
	(49, 'ASET-PY', 0, NULL, NULL, NULL, NULL, '2017-08-30 08:27:31'),
	(50, 'ASET-PY', 0, NULL, NULL, NULL, NULL, '2017-08-30 08:27:31'),
	(51, 'ASET-PY', 0, NULL, NULL, NULL, NULL, '2017-08-30 08:27:31'),
	(52, 'ASET-PY', 0, NULL, NULL, NULL, NULL, '2017-08-30 08:27:31'),
	(53, 'ASET-PY', 0, NULL, NULL, NULL, NULL, '2017-08-30 08:27:31'),
	(54, 'ASET-PY', 0, NULL, NULL, NULL, NULL, '2017-08-30 08:27:31'),
	(55, 'ASET-PY', 0, NULL, NULL, NULL, NULL, '2017-08-30 08:27:31'),
	(56, 'ASET-PY', 0, NULL, NULL, NULL, NULL, '2017-08-30 08:27:31'),
	(57, 'ASET-PY', 0, NULL, NULL, NULL, NULL, '2017-08-30 08:27:31'),
	(58, 'ASET-PY', 0, NULL, NULL, NULL, NULL, '2017-08-30 08:27:31'),
	(59, 'ASET-PY', 0, NULL, NULL, NULL, NULL, '2017-08-30 08:27:31'),
	(60, 'ASET-PY', 0, NULL, NULL, NULL, NULL, '2017-08-30 08:27:31'),
	(61, 'ASET-PY', 0, NULL, NULL, NULL, NULL, '2017-08-30 08:27:31'),
	(62, 'ASET-PY', 0, NULL, NULL, NULL, NULL, '2017-08-30 08:27:31'),
	(63, 'ASET-PY', 0, NULL, NULL, NULL, NULL, '2017-08-30 08:27:31'),
	(64, 'ASET-PY', 0, NULL, NULL, NULL, NULL, '2017-08-30 08:27:31'),
	(65, 'ASET-PY', 0, NULL, NULL, NULL, NULL, '2017-08-30 08:27:31'),
	(66, 'ASET-PY', 0, NULL, NULL, NULL, NULL, '2017-08-30 08:27:31'),
	(67, 'ASET-PY', 0, NULL, NULL, NULL, NULL, '2017-08-30 08:27:31'),
	(68, 'ASET-PY', 0, NULL, NULL, NULL, NULL, '2017-08-30 08:27:31'),
	(69, 'ASET-PY', 0, NULL, NULL, NULL, NULL, '2017-08-30 08:27:31'),
	(70, 'ASET-PY', 0, NULL, NULL, NULL, NULL, '2017-08-30 08:27:31'),
	(71, 'ASET-PY', 0, NULL, NULL, NULL, NULL, '2017-08-30 08:27:31'),
	(72, 'ASET-PY', 0, NULL, NULL, NULL, NULL, '2017-08-30 08:27:31'),
	(73, 'ASET-PY', 0, NULL, NULL, NULL, NULL, '2017-08-30 08:27:31'),
	(74, 'ASET-PY', 0, NULL, NULL, NULL, NULL, '2017-08-30 08:27:31'),
	(75, 'ASET-PY', 0, NULL, NULL, NULL, NULL, '2017-08-30 08:27:31'),
	(76, 'ASET-PY', 0, NULL, NULL, NULL, NULL, '2017-08-30 08:27:31'),
	(77, 'ASET-PY', 0, NULL, NULL, NULL, NULL, '2017-08-30 08:27:32'),
	(78, 'ASET-PY', 0, NULL, NULL, NULL, NULL, '2017-08-30 08:27:32'),
	(79, 'ASET-PY', 0, NULL, NULL, NULL, NULL, '2017-08-30 08:27:32'),
	(80, 'ASET-PY', 0, NULL, NULL, NULL, NULL, '2017-08-30 08:27:32'),
	(81, 'ASET-PY', 0, NULL, NULL, NULL, NULL, '2017-08-30 08:27:32'),
	(82, 'ASET-PY', 0, NULL, NULL, NULL, NULL, '2017-08-30 08:27:32'),
	(83, 'ASET-PY', 0, NULL, NULL, NULL, NULL, '2017-08-30 08:27:32'),
	(84, 'ASET-PY', 0, NULL, NULL, NULL, NULL, '2017-08-30 08:27:32'),
	(85, 'ASET-PY', 0, NULL, NULL, NULL, NULL, '2017-08-30 08:27:32'),
	(86, 'ASET-PY', 0, NULL, NULL, NULL, NULL, '2017-08-30 08:27:32'),
	(87, 'ASET-PY', 0, NULL, NULL, NULL, NULL, '2017-08-30 08:27:32'),
	(88, 'ASET-PY', 0, NULL, NULL, NULL, NULL, '2017-08-30 08:27:32'),
	(89, 'ASET-PY', 0, NULL, NULL, NULL, NULL, '2017-08-30 08:27:32'),
	(90, 'ASET-PY', 0, NULL, NULL, NULL, NULL, '2017-08-30 08:27:32'),
	(91, 'ASET-PY', 0, NULL, NULL, NULL, NULL, '2017-08-30 08:27:32'),
	(92, 'ASET-PY', 0, NULL, NULL, NULL, NULL, '2017-08-30 08:27:32'),
	(93, 'ASET-PY', 0, NULL, NULL, NULL, NULL, '2017-08-30 08:27:32'),
	(94, 'ASET-PY', 0, NULL, NULL, NULL, NULL, '2017-08-30 08:27:32'),
	(95, 'ASET-PY', 0, NULL, NULL, NULL, NULL, '2017-08-30 08:27:32'),
	(96, 'ASET-PY', 0, NULL, NULL, NULL, NULL, '2017-08-30 08:27:32'),
	(97, 'ASET-PY', 0, NULL, NULL, NULL, NULL, '2017-08-30 08:27:32'),
	(98, 'ASET-PY', 0, NULL, NULL, NULL, NULL, '2017-08-30 08:27:32'),
	(99, 'ASET-PY', 0, NULL, NULL, NULL, NULL, '2017-08-30 08:27:32'),
	(100, 'ASET-PY', 0, NULL, NULL, NULL, NULL, '2017-08-30 08:27:32'),
	(101, 'ASET-PY', 0, NULL, NULL, NULL, NULL, '2017-08-30 08:27:32'),
	(102, 'ASET-PY', 0, NULL, NULL, NULL, NULL, '2017-08-30 08:27:32'),
	(103, 'ASET-PY', 0, NULL, NULL, NULL, NULL, '2017-08-30 08:27:32'),
	(104, 'ASET-PY', 0, NULL, NULL, NULL, NULL, '2017-08-30 08:27:32'),
	(105, 'ASET-PY', 0, NULL, NULL, NULL, NULL, '2017-08-30 08:27:32'),
	(106, 'ASET-PY', 0, NULL, NULL, NULL, NULL, '2017-08-30 08:27:32'),
	(107, 'ASET-PY', 0, NULL, NULL, NULL, NULL, '2017-08-30 08:27:32'),
	(108, 'ASET-PY', 0, NULL, NULL, NULL, NULL, '2017-08-30 08:27:32'),
	(109, 'ASET-PY', 0, NULL, NULL, NULL, NULL, '2017-08-30 08:27:32'),
	(110, 'ASET-PY', 0, NULL, NULL, NULL, NULL, '2017-08-30 08:27:32'),
	(111, 'ASET-PY', 0, NULL, NULL, NULL, NULL, '2017-08-30 08:27:32'),
	(112, 'ASET-PY', 0, NULL, NULL, NULL, NULL, '2017-08-30 08:27:32'),
	(113, 'ASET-PY', 0, NULL, NULL, NULL, NULL, '2017-08-30 08:27:32'),
	(114, 'ASET-PY', 0, NULL, NULL, NULL, NULL, '2017-08-30 08:27:32'),
	(115, 'ASET-PY', 0, NULL, NULL, NULL, NULL, '2017-08-30 08:27:32'),
	(116, 'ASET-PY', 0, NULL, NULL, NULL, NULL, '2017-08-30 08:27:32'),
	(117, 'ASET-PY', 0, NULL, NULL, NULL, NULL, '2017-08-30 08:27:32'),
	(118, 'ASET-PY', 0, NULL, NULL, NULL, NULL, '2017-08-30 08:27:32'),
	(119, 'ASET-PY', 0, NULL, NULL, NULL, NULL, '2017-08-30 08:27:32'),
	(120, 'ASET-PY', 0, NULL, NULL, NULL, NULL, '2017-08-30 08:27:32'),
	(121, 'ASET-PY', 0, NULL, NULL, NULL, NULL, '2017-08-30 08:27:32'),
	(122, 'JU', 0, NULL, NULL, NULL, 0, '2017-08-30 18:54:30'),
	(123, 'BKM', 0, NULL, NULL, NULL, 0, '2017-08-30 19:24:26'),
	(124, 'BKK', 0, NULL, NULL, NULL, 0, '2017-08-30 19:27:39'),
	(125, 'BKK', 0, NULL, NULL, NULL, 0, '2017-08-30 19:30:20'),
	(126, 'BKK', 0, NULL, NULL, NULL, 0, '2017-08-30 19:33:02'),
	(127, 'BKM', 0, NULL, NULL, NULL, 0, '2017-08-30 19:35:39'),
	(128, 'BKM', 0, NULL, NULL, NULL, 0, '2017-08-30 19:37:47'),
	(129, 'BKK', 0, NULL, NULL, NULL, 0, '2017-08-30 19:40:01'),
	(130, 'JU', 0, NULL, NULL, NULL, 0, '2017-08-30 19:43:22'),
	(131, 'JU', 0, NULL, NULL, NULL, 0, '2017-09-12 19:13:49'),
	(132, 'JU', 0, NULL, NULL, NULL, 0, '2017-09-12 19:13:59'),
	(133, 'JU', 0, NULL, NULL, NULL, 0, '2017-09-12 19:14:11'),
	(134, 'JU', 0, NULL, NULL, NULL, 0, '2017-09-12 19:14:46'),
	(135, 'JU', 0, NULL, NULL, NULL, 0, '2017-09-12 19:17:18'),
	(136, 'BKM', 1, 2017, '11', NULL, 0, '2017-11-03 15:47:46'),
	(137, 'BKM', 1, 2017, '11', NULL, 0, '2017-11-03 15:48:14'),
	(138, 'BKM', 2, 2017, '11', NULL, 0, '2017-11-03 15:49:05'),
	(139, 'BKM', 3, 2017, '11', NULL, 0, '2017-11-03 15:50:58'),
	(140, 'BKM', 4, 2017, '11', NULL, 0, '2017-11-03 15:53:58'),
	(142, 'BKM', 1, 2017, '12', NULL, 0, '2017-12-03 16:09:57'),
	(143, 'BKM', 5, 2017, '11', NULL, 0, '2017-11-03 16:44:14'),
	(144, 'BKM', 6, 2017, '11', NULL, 0, '2017-11-03 16:52:58'),
	(145, 'BKM', 7, 2017, '11', NULL, 0, '2017-11-03 16:53:08'),
	(146, 'BKM', 8, 2017, '11', NULL, 0, '2017-11-03 16:54:20'),
	(147, 'BKM', 9, 2017, '11', NULL, 0, '2017-11-05 18:48:46'),
	(148, 'BKM', 10, 2017, '11', NULL, 0, '2017-11-05 18:49:01'),
	(149, 'BKM', 11, 2017, '11', NULL, 11, '2017-11-05 18:49:45'),
	(150, 'BKM', 12, 2017, '11', NULL, 11, '2017-11-05 18:49:55'),
	(151, 'BKM', 13, 2017, '11', NULL, 11, '2017-11-05 18:50:53'),
	(152, 'BKM', 14, 2017, '11', NULL, NULL, '2017-11-06 17:20:08'),
	(153, 'BKM', 15, 2017, '11', NULL, NULL, '2017-11-06 17:20:24'),
	(154, 'BKM', 16, 2017, '11', NULL, NULL, '2017-11-06 17:21:47'),
	(155, 'BKM', 17, 2017, '11', NULL, NULL, '2017-11-06 17:23:43'),
	(156, 'BKM', 18, 2017, '11', NULL, NULL, '2017-11-06 17:24:42'),
	(157, 'BKM', 19, 2017, '11', NULL, NULL, '2017-11-06 17:24:48'),
	(158, 'BKM', 20, 2017, '11', NULL, NULL, '2017-11-06 17:26:31'),
	(159, 'BKM', 21, 2017, '11', NULL, NULL, '2017-11-06 18:15:48'),
	(160, 'BKM', 22, 2017, '11', NULL, NULL, '2017-11-07 02:43:30'),
	(161, 'BKM', 23, 2017, '11', NULL, NULL, '2017-11-07 03:52:54'),
	(162, 'BKM', 24, 2017, '11', NULL, 0, '2017-11-08 15:31:45'),
	(163, 'BKM', 25, 2017, '11', NULL, 0, '2017-11-08 15:32:54'),
	(164, 'BKM', 26, 2017, '11', NULL, 0, '2017-11-08 15:35:21');
/*!40000 ALTER TABLE `counter` ENABLE KEYS */;


-- Dumping structure for table akuntansi.mst_akun
DROP TABLE IF EXISTS `mst_akun`;
CREATE TABLE IF NOT EXISTS `mst_akun` (
  `id_akun` int(11) NOT NULL AUTO_INCREMENT,
  `id_tipe_akun` int(11) NOT NULL,
  `kode_akun` varchar(20) NOT NULL,
  `nama_akun` varchar(50) NOT NULL,
  `saldo_normal` varchar(1) NOT NULL,
  `lokasi` varchar(15) NOT NULL,
  `posisi` int(11) NOT NULL,
  `tgl_dibuat` datetime NOT NULL,
  `tgl_diubah` datetime NOT NULL,
  `aktif` varchar(1) NOT NULL,
  `company_id` int(11) DEFAULT NULL,
  `id_parent` int(11) DEFAULT NULL,
  `is_parent` enum('0','1') DEFAULT '0',
  `level` int(11) DEFAULT NULL,
  PRIMARY KEY (`id_akun`)
) ENGINE=InnoDB AUTO_INCREMENT=551 DEFAULT CHARSET=latin1;

-- Dumping data for table akuntansi.mst_akun: ~289 rows (approximately)
/*!40000 ALTER TABLE `mst_akun` DISABLE KEYS */;
INSERT INTO `mst_akun` (`id_akun`, `id_tipe_akun`, `kode_akun`, `nama_akun`, `saldo_normal`, `lokasi`, `posisi`, `tgl_dibuat`, `tgl_diubah`, `aktif`, `company_id`, `id_parent`, `is_parent`, `level`) VALUES
	(1, 1, '10', 'Aset Lancar', 'D', 'Neraca', 1, '2016-07-28 11:29:47', '2017-02-17 10:45:52', 'A', 1, 0, '0', 0),
	(2, 1, '101', 'Kas', 'D', 'Neraca', 3, '2016-07-28 11:37:00', '2016-07-28 12:01:51', 'A', 1, 1, '1', 1),
	(3, 1, '1010', 'Kas Kecil', 'D', 'Neraca', 1, '2016-08-26 09:37:02', '2017-08-11 06:07:49', 'A', 1, 2, '1', 2),
	(5, 1, '102', 'Bank', 'D', 'Neraca', 3, '2017-02-20 10:30:50', '2017-08-11 06:08:39', 'A', 1, 1, '1', 1),
	(6, 1, '1020', 'Bank Umum Syariah', 'D', 'Neraca', 3, '2017-02-20 10:30:50', '2017-08-11 06:09:36', 'A', 1, 5, '1', 2),
	(7, 1, '10201', 'Bank Muamalat', 'D', 'Neraca', 6, '2016-08-26 09:37:34', '2017-08-11 06:11:09', 'A', 1, 6, '1', 3),
	(9, 1, '10211', 'Bank Cimb Niaga Syariah', 'D', 'Neraca', 1, '2017-03-03 15:37:07', '2017-03-23 15:48:14', 'A', 1, 8, '1', 3),
	(10, 1, '1022', 'BMT/Koperasi Syariah', 'D', 'Neraca', 0, '2017-03-05 10:50:55', '2017-03-05 10:51:47', 'A', 1, 5, '1', 2),
	(11, 1, '103', 'Investasi Jangka Pendek', 'D', 'Neraca', 0, '2017-03-05 18:28:44', '2017-03-05 18:28:44', 'A', 1, 1, '1', 1),
	(12, 1, '1030', 'Deposito Syariah', 'D', 'Neraca', 0, '2017-03-17 13:46:17', '2017-03-17 13:46:17', 'A', 1, 11, '1', 2),
	(13, 2, '20', 'Kewajiban Jangka Pendek', 'D', 'Neraca', 0, '0000-00-00 00:00:00', '0000-00-00 00:00:00', 'A', 1, 0, '0', 0),
	(14, 2, '201', 'Utang Kewajiban Sponsorship', 'D', 'Neraca', 0, '0000-00-00 00:00:00', '0000-00-00 00:00:00', 'A', 1, 13, '1', 1),
	(15, 2, '202', 'Utang Kewajiban Donasi', 'D', 'Neraca', 0, '0000-00-00 00:00:00', '0000-00-00 00:00:00', 'A', 1, 13, '1', 1),
	(16, 2, '203', 'Utang Kewajiban Hibah', 'D', 'Neraca', 0, '0000-00-00 00:00:00', '0000-00-00 00:00:00', 'A', 1, 13, '1', 1),
	(17, 2, '2010', 'Seminar', 'D', 'Neraca', 0, '0000-00-00 00:00:00', '0000-00-00 00:00:00', 'A', 1, 14, '1', 2),
	(18, 1, '1012', 'Kas Contoh', 'D', 'Neraca', 0, '0000-00-00 00:00:00', '0000-00-00 00:00:00', 'A', 0, 2, '1', 2),
	(33, 1, '1040', 'Piutang Sponsorship', 'D', 'Neraca', 0, '2017-07-21 04:17:42', '2017-07-21 04:17:42', 'A', 1, 30, '0', 1),
	(37, 0, '30', 'Tidak Terikat', 'K', 'Neraca', 0, '2017-07-21 04:19:01', '2017-08-20 05:26:30', 'A', 1, 0, '0', 0),
	(38, 1, '10401', 'Seminar', 'D', 'Neraca', 0, '2017-07-21 12:23:48', '2017-07-21 12:23:48', 'A', 1, 33, '0', 2),
	(43, 1, '104010', 'Asuransi Syariah', 'D', 'Neraca', 0, '2017-07-22 15:02:28', '2017-07-22 15:02:28', 'A', 1, 38, '0', 3),
	(44, 1, '104011', 'Nasional Ekonomi Syariah', 'D', 'Neraca', 0, '2017-07-22 15:03:57', '2017-07-22 15:03:57', 'A', 1, 38, '0', 3),
	(47, 1, '104012', 'Roadshow Seminar Asuransi Syariah', 'D', 'Neraca', 0, '2017-07-22 15:16:11', '2017-07-22 15:16:11', 'A', 1, 38, '0', 3),
	(50, 1, '10402', 'Penerbitan', 'D', 'Neraca', 0, '2017-07-22 15:18:19', '2017-08-11 06:12:46', 'A', 1, 33, '0', 2),
	(52, 1, '104020', 'Kalender', 'D', 'Neraca', 0, '2017-07-22 15:19:06', '2017-07-22 15:19:06', 'A', 1, 50, '0', 3),
	(55, 1, '10402', 'Penerbitan', 'D', 'Neraca', 0, '2017-07-22 15:19:56', '2017-07-22 15:19:56', 'A', 1, 33, '0', 2),
	(58, 1, '10403', 'Workshop / Training', 'D', 'Neraca', 0, '2017-07-22 15:21:41', '2017-07-22 15:21:41', 'A', 1, 33, '0', 2),
	(59, 1, '104030', 'Sekolah pasar modal syariah', 'D', 'Neraca', 0, '2017-07-22 15:30:59', '2017-07-22 15:30:59', 'A', 1, 58, '0', 3),
	(61, 1, '10404', 'Program Media', 'D', 'Neraca', 0, '2017-07-22 15:38:47', '2017-07-22 15:38:47', 'A', 1, 33, '0', 2),
	(63, 1, '104040', 'Bincang Tuntas Bisnis Syariah', 'D', 'Neraca', 0, '2017-07-22 15:40:55', '2017-07-22 15:40:55', 'A', 1, 61, '0', 3),
	(66, 1, '10405', 'Silaturahim', 'D', 'Neraca', 0, '2017-07-22 15:42:19', '2017-07-22 15:42:19', 'A', 1, 33, '0', 2),
	(68, 1, '104050', 'Idul Fitri', 'D', 'Neraca', 0, '2017-07-22 15:43:07', '2017-07-22 15:43:07', 'A', 1, 66, '0', 3),
	(71, 1, '104051', 'Nasional', 'D', 'Neraca', 0, '2017-07-22 15:43:51', '2017-07-22 15:43:51', 'A', 1, 66, '0', 3),
	(74, 1, '10406', 'Musyawarah', 'D', 'Neraca', 0, '2017-07-22 15:44:42', '2017-07-22 15:44:42', 'A', 1, 33, '0', 2),
	(75, 1, '104060', 'Nasional', 'D', 'Neraca', 0, '2017-07-22 15:46:38', '2017-07-22 15:46:38', 'A', 1, 74, '0', 3),
	(77, 1, '104061', 'Wilayah', 'D', 'Neraca', 0, '2017-07-22 15:48:19', '2017-07-22 15:48:19', 'A', 1, 74, '0', 3),
	(79, 1, '104062', 'Daerah', 'D', 'Neraca', 0, '2017-07-22 15:49:05', '2017-07-22 15:49:05', 'A', 1, 74, '0', 3),
	(82, 1, '10407', 'Lain-lain', 'D', 'Neraca', 0, '2017-07-22 15:50:33', '2017-07-22 15:50:33', 'A', 1, 33, '0', 2),
	(83, 1, '1041', 'Piutang Donasi', 'D', 'Neraca', 0, '2017-07-22 15:53:34', '2017-07-22 15:53:34', 'A', 1, 30, '0', 1),
	(85, 1, '1042', 'Piutang Hibah', 'D', 'Neraca', 0, '2017-07-22 15:54:18', '2017-07-22 15:54:18', 'A', 1, 30, '0', 1),
	(87, 1, '1043', 'Piutang Wakaf', 'D', 'Neraca', 0, '2017-07-22 15:57:48', '2017-07-22 15:57:48', 'A', 1, 30, '0', 1),
	(88, 1, '1044', 'Piutang Pendaftaran Peserta', 'D', 'Neraca', 0, '2017-07-22 15:58:40', '2017-07-22 15:58:40', 'A', 1, 30, '0', 1),
	(91, 1, '10441', 'Seminar', 'D', 'Neraca', 0, '2017-07-22 16:00:06', '2017-07-22 16:00:06', 'A', 1, 88, '0', 2),
	(93, 1, '10442', 'Workshop / Training', 'D', 'Neraca', 0, '2017-07-22 16:01:03', '2017-07-22 16:01:03', 'A', 1, 88, '0', 2),
	(95, 1, '104420', 'Sekolah Pasar Modal Syariah', 'D', 'Neraca', 0, '2017-07-22 16:02:00', '2017-07-22 16:02:00', 'A', 1, 93, '0', 3),
	(97, 1, '1045', 'Piutang Fasilitas Pembiayaan Karyawan', 'D', 'Neraca', 0, '2017-07-22 16:03:50', '2017-07-22 16:03:50', 'A', 1, 30, '0', 1),
	(98, 1, '105', 'Beban Dibayar Di Muka', 'D', 'Neraca', 0, '2017-07-22 16:05:20', '2017-07-22 16:05:20', 'A', 1, 1, '0', 1),
	(101, 1, '1050', 'Sewa Kantor dibayar di muka', 'D', 'Neraca', 0, '2017-07-22 16:06:22', '2017-07-22 16:06:22', 'A', 1, 98, '0', 2),
	(103, 1, '1051', 'Pajak dibayar di muka', 'D', 'Neraca', 0, '2017-07-22 16:07:44', '2017-07-22 16:07:44', 'A', 1, 98, '0', 2),
	(106, 1, '10511', 'PPH 4(2)', 'D', 'Neraca', 0, '2017-07-22 16:08:26', '2017-07-22 16:08:26', 'A', 1, 103, '0', 3),
	(107, 1, '10512', 'PPH 23', 'D', 'Neraca', 0, '2017-07-22 16:09:07', '2017-07-22 16:09:07', 'A', 1, 103, '0', 3),
	(110, 1, '10513', 'PPh 25', 'D', 'Neraca', 0, '2017-07-22 16:09:59', '2017-07-22 16:09:59', 'A', 1, 103, '0', 3),
	(111, 1, '10514', 'PPN Masukan', 'D', 'Neraca', 0, '2017-07-22 16:10:55', '2017-07-22 16:10:55', 'A', 1, 103, '0', 3),
	(113, 1, '106', 'Persediaan', 'D', 'Neraca', 0, '2017-07-22 16:12:36', '2017-07-22 16:12:36', 'A', 1, 1, '0', 1),
	(116, 1, '1060', 'Buku', 'D', 'Neraca', 0, '2017-07-22 16:13:19', '2017-07-22 16:13:19', 'A', 1, 113, '0', 2),
	(117, 1, '107', 'Investasi Jangka Panjang', 'D', 'Neraca', 0, '2017-07-22 16:14:25', '2017-07-22 16:14:25', 'A', 1, 1, '0', 1),
	(120, 1, '11', 'Aset Tidak Lancar', 'D', 'Neraca', 0, '2017-07-22 17:54:00', '2017-07-22 17:54:00', 'A', 1, 0, '0', 0),
	(121, 1, '1070', 'Saham Syariah', 'D', 'Neraca', 0, '2017-07-22 17:57:26', '2017-07-22 17:57:26', 'A', 1, 117, '0', 2),
	(123, 1, '1071', 'Sukuk', 'D', 'Neraca', 0, '2017-07-22 17:58:42', '2017-07-22 17:58:42', 'A', 1, 117, '0', 2),
	(124, 1, '111', 'Aset Tetap Berwujud', 'D', 'Neraca', 0, '2017-07-22 18:07:38', '2017-07-22 18:07:38', 'A', 1, 120, '0', 1),
	(125, 1, '1110', 'Aset Tidak Bergerak', 'D', 'Neraca', 0, '2017-07-22 18:08:58', '2017-07-22 18:08:58', 'A', 1, 124, '0', 2),
	(128, 1, '11101', 'Tanah', 'D', 'Neraca', 0, '2017-07-22 18:09:58', '2017-07-22 18:09:58', 'A', 1, 125, '0', 3),
	(129, 1, '11102', '(Akum, Peny. Tanah)', 'D', 'Neraca', 0, '2017-07-22 18:10:52', '2017-07-22 18:10:52', 'A', 1, 125, '0', 3),
	(131, 1, '11103', 'Bangunan', 'D', 'Neraca', 0, '2017-07-22 18:11:30', '2017-07-22 18:11:30', 'A', 1, 125, '0', 3),
	(132, 1, '11104', '(Akum. Penyusutan Bangunan)', 'D', 'Neraca', 0, '2017-07-22 18:12:25', '2017-07-22 18:12:25', 'A', 1, 125, '0', 3),
	(135, 1, '1111', 'Aset Bergerak', 'D', 'Neraca', 0, '2017-07-22 18:13:25', '2017-07-22 18:13:25', 'A', 1, 124, '0', 2),
	(138, 1, '11111', 'Perlengkapan Kantor', 'D', 'Neraca', 0, '2017-07-22 18:14:12', '2017-07-22 18:14:12', 'A', 1, 135, '0', 3),
	(141, 1, '11112', 'Peralatan', 'D', 'Neraca', 0, '2017-07-22 18:14:57', '2017-07-22 18:14:57', 'A', 1, 135, '0', 3),
	(143, 1, '11113', '(Akum. Peny. Peralatan)', 'D', 'Neraca', 0, '2017-07-22 18:15:39', '2017-07-22 18:15:39', 'A', 1, 135, '0', 3),
	(145, 1, '11114', 'Furniture', 'D', 'Neraca', 0, '2017-07-22 18:16:17', '2017-07-22 18:16:17', 'A', 1, 135, '0', 3),
	(147, 1, '11115', '(Akum. Peny. Furniture)', 'D', 'Neraca', 0, '2017-07-22 18:17:13', '2017-07-22 18:17:13', 'A', 1, 135, '0', 3),
	(148, 1, '10221', 'BMT Beringharjo', 'D', 'Neraca', 0, '2017-07-22 18:28:57', '2017-07-22 18:28:57', 'A', 1, 10, '0', 3),
	(150, 1, '10451', 'Piutang Peralatan', 'D', 'Neraca', 0, '2017-07-22 18:29:57', '2017-07-22 18:29:57', 'A', 1, 97, '0', 2),
	(153, 1, '10452', 'Piutang Kesejahteraan Karyawan', 'D', 'Neraca', 0, '2017-07-22 18:30:44', '2017-07-22 18:30:44', 'A', 1, 97, '0', 2),
	(154, 1, '11116', 'Mobil', 'D', 'Neraca', 0, '2017-07-22 18:48:38', '2017-07-22 18:48:38', 'A', 1, 135, '0', 3),
	(156, 1, '11117', '(Akum. Peny. Mobil)', 'K', 'Neraca', 0, '2017-07-22 18:49:44', '2017-08-23 18:01:47', 'A', 1, 135, '0', 3),
	(158, 1, '11118', 'Motor', 'D', 'Neraca', 0, '2017-07-22 18:50:19', '2017-07-22 18:50:19', 'A', 1, 135, '0', 3),
	(159, 1, '11119', '(Akum. Peny. Motor)', 'D', 'Neraca', 0, '2017-07-22 18:51:35', '2017-07-22 18:51:35', 'A', 1, 135, '0', 3),
	(160, 1, '112', 'Aset tetap tidak berwujud', 'D', 'Neraca', 0, '2017-07-22 18:52:50', '2017-07-22 18:52:50', 'A', 1, 120, '0', 1),
	(162, 1, '1120', 'Paten', 'D', 'Neraca', 0, '2017-07-22 18:54:05', '2017-07-22 18:54:05', 'A', 1, 160, '0', 2),
	(164, 1, '1121', 'Hak Cipta dan Merk Dagang', 'D', 'Neraca', 0, '2017-07-22 18:54:52', '2017-07-22 18:54:52', 'A', 1, 160, '0', 2),
	(165, 2, '20101', 'Asuransi Syariah', 'D', 'Neraca', 0, '2017-07-22 19:10:45', '2017-07-22 19:10:45', 'A', 1, 17, '0', 3),
	(166, 2, '20102', 'Nasional Ekonomi Syariah', 'D', 'Neraca', 0, '2017-07-22 19:11:35', '2017-07-22 19:11:35', 'A', 1, 17, '0', 3),
	(168, 2, '20103', 'Roadshow seminar asuransi syariah', 'D', 'Neraca', 0, '2017-07-22 19:12:41', '2017-07-22 19:12:41', 'A', 1, 17, '0', 3),
	(169, 2, '2011', 'Penerbitan', 'D', 'Neraca', 0, '2017-07-22 19:13:25', '2017-07-22 19:13:25', 'A', 1, 14, '0', 2),
	(171, 2, '20111', 'Kalender', 'D', 'Neraca', 0, '2017-07-22 19:14:08', '2017-07-22 19:14:08', 'A', 1, 169, '0', 3),
	(174, 2, '2012', 'Workshop / Training', 'D', 'Neraca', 0, '2017-07-22 19:14:57', '2017-07-22 19:14:57', 'A', 1, 14, '0', 2),
	(175, 2, '20121', 'Sekolah Pasar Modal Syariah', 'D', 'Neraca', 0, '2017-07-22 19:15:43', '2017-07-22 19:15:43', 'A', 1, 174, '0', 3),
	(176, 2, '2013', 'Program Media', 'D', 'Neraca', 0, '2017-07-22 19:16:35', '2017-07-22 19:16:35', 'A', 1, 14, '0', 2),
	(178, 2, '20131', 'Bincang Tuntas Bisnis Syariah', 'D', 'Neraca', 0, '2017-07-22 19:17:27', '2017-07-22 19:17:27', 'A', 1, 176, '0', 3),
	(179, 2, '2014', 'Silaturahim', 'D', 'Neraca', 0, '2017-07-22 19:18:21', '2017-07-22 19:18:21', 'A', 1, 14, '0', 2),
	(182, 2, '20141', 'Idul Fitri', 'D', 'Neraca', 0, '2017-07-22 19:19:17', '2017-07-22 19:19:17', 'A', 1, 179, '0', 3),
	(183, 2, '20142', 'Nasional', 'D', 'Neraca', 0, '2017-07-22 19:20:20', '2017-07-22 19:20:20', 'A', 1, 179, '0', 3),
	(184, 2, '2015', 'Musyawarah', 'D', 'Neraca', 0, '2017-07-22 19:21:02', '2017-07-22 19:21:02', 'A', 1, 14, '0', 2),
	(186, 2, '20151', 'Nasional', 'D', 'Neraca', 0, '2017-07-22 19:21:43', '2017-07-22 19:21:43', 'A', 1, 184, '0', 3),
	(189, 2, '20152', 'Wilayah', 'K', 'Profit', 0, '2017-07-22 19:22:21', '2017-07-22 19:22:21', 'A', 1, 184, '0', 3),
	(192, 2, '20153', 'Daerah', 'K', 'Profit', 0, '2017-07-22 19:23:02', '2017-07-22 19:23:02', 'A', 1, 184, '0', 3),
	(195, 2, '2016', 'Lain - Lain', 'K', 'Profit', 0, '2017-07-22 19:23:41', '2017-07-22 19:23:41', 'A', 1, 14, '0', 2),
	(196, 2, '204', 'Utang Pajak', 'K', 'Profit', 0, '2017-07-22 19:25:52', '2017-07-22 19:25:52', 'A', 1, 13, '0', 1),
	(199, 2, '2040', 'Utang PPh Pasal 21', 'K', 'Profit', 0, '2017-07-22 19:26:42', '2017-07-22 19:26:42', 'A', 1, 196, '0', 2),
	(202, 2, '2041', 'Utang PPh Pasal 23', 'K', 'Profit', 0, '2017-07-22 19:27:30', '2017-07-22 19:27:30', 'A', 1, 196, '0', 2),
	(205, 2, '2042', 'Utang PPh Pasal 4 (2)', 'K', 'Profit', 0, '2017-07-22 19:28:26', '2017-07-22 19:28:26', 'A', 1, 196, '0', 2),
	(207, 2, '2043', 'Utang PPh Pasal 25', 'K', 'Profit', 0, '2017-07-22 19:29:15', '2017-07-22 19:29:15', 'A', 1, 196, '0', 2),
	(208, 2, '2044', 'Utang PPh Pasal 29', 'K', 'Profit', 0, '2017-07-22 19:30:37', '2017-07-22 19:30:37', 'A', 1, 196, '0', 2),
	(211, 2, '2045', 'PPN Keluaran', 'K', 'Profit', 0, '2017-07-22 19:31:31', '2017-07-22 19:31:31', 'A', 1, 196, '0', 2),
	(212, 2, '21', 'Kewajiban Jangka Panjang', 'K', 'Profit', 0, '2017-07-22 19:32:26', '2017-07-22 19:32:26', 'A', 1, 0, '0', 0),
	(215, 2, '211', 'Utang Bank', 'K', 'Profit', 0, '2017-07-22 19:35:29', '2017-07-22 19:35:29', 'A', 1, 212, '0', 1),
	(217, 2, '2110', 'Bank Umum Syariah', 'K', 'Profit', 0, '2017-07-22 19:39:55', '2017-07-22 19:39:55', 'A', 1, 215, '0', 2),
	(218, 2, '21101', 'Bank Muamalat', 'K', 'Profit', 0, '2017-07-22 19:44:41', '2017-07-22 19:44:41', 'A', 1, 217, '0', 3),
	(220, 2, '2111', 'Unit Usaha Syariah', 'K', 'Profit', 0, '2017-07-22 19:45:52', '2017-07-22 19:45:52', 'A', 1, 215, '0', 2),
	(223, 2, '21111', 'Bank CIMB Niaga Syariah', 'K', 'Profit', 0, '2017-07-22 19:46:48', '2017-07-22 19:46:48', 'A', 1, 220, '0', 3),
	(224, 2, '2112', 'BMT / Koperasi Syariah', 'K', 'Profit', 0, '2017-07-22 19:47:45', '2017-07-22 19:47:45', 'A', 1, 215, '0', 2),
	(225, 2, '21121', 'BMT Beringharjo', 'K', 'Profit', 0, '2017-07-22 19:48:43', '2017-07-22 19:48:43', 'A', 1, 224, '0', 3),
	(227, 2, '212', 'Utang Kepada Pengurus', 'K', 'Profit', 0, '2017-07-22 19:49:45', '2017-07-22 19:49:45', 'A', 1, 212, '0', 1),
	(228, 2, '213', 'Utang Kepada Pihak Lain', 'K', 'Profit', 0, '2017-07-22 19:50:44', '2017-07-22 19:50:44', 'A', 1, 212, '0', 1),
	(231, 3, '301', 'Tidak Terikat', 'K', 'Profit', 0, '2017-07-22 19:51:52', '2017-07-22 19:51:52', 'A', 1, 37, '0', 1),
	(232, 3, '31', 'Aset Neto Terikat', 'D', 'Profit', 0, '2017-07-22 19:52:54', '2017-08-19 18:17:09', 'A', 1, 0, '0', 0),
	(234, 3, '311', 'Terikat Temporer', 'K', 'Neraca', 0, '2017-07-22 19:53:50', '2017-08-30 04:57:52', 'A', 1, 232, '0', 1),
	(236, 3, '312', 'Terikat Permanen', 'D', 'Neraca', 0, '2017-07-22 19:54:43', '2017-07-22 19:54:43', 'A', 1, 232, '0', 1),
	(241, 4, '40', 'Penerimaan Tidak Terikat', 'K', 'Profit', 0, '2017-07-23 20:27:36', '2017-07-23 20:27:36', 'A', 1, 0, '0', 0),
	(242, 4, '401', 'Iuran', 'K', 'Profit', 0, '2017-07-23 20:29:14', '2017-07-23 20:29:14', 'A', 1, 241, '0', 1),
	(244, 4, '4010', 'Anggota', 'K', 'Profit', 0, '2017-07-23 20:30:05', '2017-07-23 20:30:05', 'A', 1, 242, '0', 2),
	(246, 4, '4011', 'Pengurus', 'K', 'Profit', 0, '2017-07-23 20:30:49', '2017-07-23 20:30:49', 'A', 1, 242, '0', 2),
	(249, 4, '402', 'Bagi Hasil Rekening', 'K', 'Profit', 0, '2017-07-23 20:31:47', '2017-07-23 20:31:47', 'A', 1, 241, '0', 1),
	(252, 4, '4020', 'Bank Umum Syariah', 'K', 'Profit', 0, '2017-07-23 20:32:32', '2017-07-23 20:32:32', 'A', 1, 249, '0', 2),
	(254, 4, '40201', 'Bank Muamalat', 'K', 'Profit', 0, '2017-07-23 20:33:15', '2017-07-23 20:33:15', 'A', 1, 252, '0', 3),
	(257, 4, '4021', 'Unit Usaha Syariah', 'K', 'Profit', 0, '2017-07-23 20:34:04', '2017-07-23 20:34:04', 'A', 1, 249, '0', 2),
	(260, 4, '40211', 'Bank CIMB Niaga Syariah', 'K', 'Profit', 0, '2017-07-23 20:35:00', '2017-07-23 20:35:00', 'A', 1, 257, '0', 3),
	(262, 4, '4022', 'BMT / Koperasi Syariah', 'K', 'Profit', 0, '2017-07-23 20:36:14', '2017-07-23 20:36:14', 'A', 1, 249, '0', 2),
	(264, 4, '40221', 'BMT Beringharjo', 'K', 'Profit', 0, '2017-07-23 20:37:08', '2017-07-23 20:37:08', 'A', 1, 262, '0', 3),
	(267, 4, '403', 'Surplus Program', 'K', 'Profit', 0, '2017-07-23 20:38:35', '2017-07-23 20:38:35', 'A', 1, 241, '0', 1),
	(269, 4, '4030', 'Seminar', 'K', 'Profit', 0, '2017-07-23 20:39:15', '2017-07-23 20:39:15', 'A', 1, 267, '0', 2),
	(272, 4, '40301', 'Asuransi Syariah', 'K', 'Profit', 0, '2017-07-23 20:40:23', '2017-07-23 20:40:23', 'A', 1, 269, '0', 3),
	(273, 4, '40302', 'Nasional Ekonomi Syariah', 'K', 'Profit', 0, '2017-07-23 20:41:32', '2017-07-23 20:41:32', 'A', 1, 269, '0', 3),
	(275, 4, '40303', 'Roadshow Seminar Asuransi Syariah', 'K', 'Profit', 0, '2017-07-23 20:42:32', '2017-07-23 20:42:32', 'A', 1, 269, '0', 3),
	(278, 4, '4031', 'Penerbitan', 'K', 'Profit', 0, '2017-07-23 20:43:32', '2017-07-23 20:43:32', 'A', 1, 267, '0', 2),
	(281, 4, '40311', 'Kalender', 'K', 'Profit', 0, '2017-07-23 20:44:16', '2017-07-23 20:44:16', 'A', 1, 278, '0', 3),
	(284, 4, '4032', 'Workshop / Training', 'K', 'Profit', 0, '2017-07-23 20:45:14', '2017-07-23 20:45:14', 'A', 1, 267, '0', 2),
	(286, 4, '40321', 'Sekolah Pasar Modal Syariah', 'K', 'Profit', 0, '2017-07-23 20:46:09', '2017-07-23 20:46:09', 'A', 1, 284, '0', 3),
	(287, 4, '4033', 'Program Media', 'K', 'Profit', 0, '2017-07-23 20:47:02', '2017-07-23 20:47:02', 'A', 1, 267, '0', 2),
	(290, 4, '40331', 'Bincang Tuntas Bisnis Syariah', 'K', 'Profit', 0, '2017-07-23 20:47:49', '2017-07-23 20:47:49', 'A', 1, 287, '0', 3),
	(293, 4, '4034', 'Silaturahim', 'K', 'Profit', 0, '2017-07-23 20:48:36', '2017-07-23 20:48:36', 'A', 1, 267, '0', 2),
	(294, 4, '40341', 'Idul Fitri', 'K', 'Profit', 0, '2017-07-23 20:49:27', '2017-07-23 20:49:27', 'A', 1, 293, '0', 3),
	(296, 4, '40342', 'Nasional', 'K', 'Profit', 0, '2017-07-23 20:50:12', '2017-07-23 20:50:12', 'A', 1, 293, '0', 3),
	(298, 4, '4035', 'Musyawarah', 'K', 'Profit', 0, '2017-07-23 20:50:57', '2017-07-23 20:50:57', 'A', 1, 267, '0', 2),
	(301, 4, '40351', 'Nasional', 'K', 'Profit', 0, '2017-07-23 21:01:22', '2017-07-23 21:01:22', 'A', 1, 298, '0', 3),
	(303, 4, '40352', 'Wilayah', 'K', 'Profit', 0, '2017-07-23 21:02:08', '2017-07-23 21:02:08', 'A', 1, 298, '0', 3),
	(304, 4, '40353', 'Daerah', 'K', 'Profit', 0, '2017-07-23 21:03:00', '2017-07-23 21:03:00', 'A', 1, 298, '0', 3),
	(306, 4, '4036', 'Lain - Lain', 'K', 'Profit', 0, '2017-07-23 21:03:49', '2017-07-23 21:03:49', 'A', 1, 267, '0', 2),
	(307, 4, '404', 'Bagi Hasil Join Program', 'K', 'Profit', 0, '2017-07-23 21:04:43', '2017-07-23 21:04:43', 'A', 1, 241, '0', 1),
	(309, 4, '41', 'Penerimaan Terikat', 'K', 'Profit', 0, '2017-07-23 21:05:31', '2017-07-23 21:05:31', 'A', 1, 0, '0', 0),
	(311, 4, '405', 'Royalty', 'K', 'Profit', 0, '2017-07-23 21:06:33', '2017-07-23 21:06:33', 'A', 1, 241, '0', 1),
	(312, 4, '411', 'Temporer', 'K', 'Profit', 0, '2017-07-23 21:07:44', '2017-07-23 21:07:44', 'A', 1, 309, '0', 1),
	(313, 4, '4110', 'Sponsorship', 'K', 'Profit', 0, '2017-07-23 21:08:39', '2017-07-23 21:08:39', 'A', 1, 312, '0', 2),
	(320, 1, '1011', 'Kas', 'D', 'Neraca', 0, '2017-08-11 06:05:58', '2017-08-11 06:05:58', 'A', 1, 2, '0', 2),
	(323, 1, '1031', 'Reksadana Syariah', 'D', 'Neraca', 0, '2017-08-11 14:40:16', '2017-08-11 14:40:16', 'A', 1, 11, '0', 2),
	(327, 1, '104', 'Piutang', 'D', 'Neraca', 0, '2017-08-11 14:42:31', '2017-08-11 14:42:31', 'A', 1, 1, '0', 1),
	(330, 4, '41101', 'Seminar', 'K', 'Profit', 0, '2017-08-11 15:10:23', '2017-08-11 15:10:23', 'A', 1, 313, '0', 3),
	(332, 4, '411010', 'Asuransi Syariah', 'K', 'Profit', 0, '2017-08-11 15:12:04', '2017-08-11 15:12:04', 'A', 1, 330, '0', 4),
	(335, 4, '411011', 'Nasional Ekonomi Syariah', 'K', 'Profit', 0, '2017-08-11 15:13:43', '2017-08-11 15:13:43', 'A', 1, 330, '0', 4),
	(338, 4, '411012', 'Roadshow Seminar Asuransi Syariah', 'K', 'Profit', 0, '2017-08-11 15:14:53', '2017-08-11 15:14:53', 'A', 1, 330, '0', 4),
	(343, 4, '41102', 'Penerbitan', 'K', 'Profit', 0, '2017-08-11 15:15:59', '2017-08-11 15:15:59', 'A', 1, 313, '0', 3),
	(346, 4, '411021', 'Kalender', 'K', 'Profit', 0, '2017-08-11 15:18:18', '2017-08-11 15:18:18', 'A', 1, 343, '0', 4),
	(349, 4, '41103', 'Workshop / Training', 'K', 'Profit', 0, '2017-08-11 15:19:21', '2017-08-11 15:19:21', 'A', 1, 313, '0', 3),
	(352, 4, '411030', 'Sekolah Pasar Modal Syariah', 'K', 'Profit', 0, '2017-08-11 15:22:05', '2017-08-11 15:22:05', 'A', 1, 349, '0', 4),
	(355, 4, '41104', 'Program Media', 'K', 'Profit', 0, '2017-08-11 15:23:06', '2017-08-11 15:23:06', 'A', 1, 313, '0', 3),
	(358, 4, '411040', 'Bincang Tuntas Bisnis Syariah', 'K', 'Profit', 0, '2017-08-11 15:24:22', '2017-08-11 15:24:22', 'A', 1, 355, '0', 4),
	(361, 4, '41105', 'Silaturahim', 'K', 'Profit', 0, '2017-08-11 15:33:23', '2017-08-11 15:33:23', 'A', 1, 313, '0', 3),
	(363, 4, '411050', 'Idul Fitri', 'K', 'Profit', 0, '2017-08-11 15:34:07', '2017-08-11 15:34:07', 'A', 1, 361, '0', 4),
	(364, 4, '411051', 'Nasional', 'K', 'Profit', 0, '2017-08-11 15:35:04', '2017-08-11 15:35:04', 'A', 1, 361, '0', 4),
	(365, 4, '41106', 'Musyawarah', 'K', 'Profit', 0, '2017-08-11 15:36:09', '2017-08-11 15:36:09', 'A', 1, 313, '0', 3),
	(367, 4, '411060', 'Nasional', 'K', 'Profit', 0, '2017-08-11 15:36:56', '2017-08-11 15:36:56', 'A', 1, 365, '0', 4),
	(370, 4, '411061', 'Wilayah', 'K', 'Profit', 0, '2017-08-11 15:39:07', '2017-08-11 15:39:07', 'A', 1, 365, '0', 4),
	(371, 4, '411062', 'Daerah', 'K', 'Profit', 0, '2017-08-11 15:40:03', '2017-08-11 15:40:03', 'A', 1, 365, '0', 4),
	(372, 4, '41107', 'Lain-lain', 'K', 'Profit', 0, '2017-08-11 15:42:37', '2017-08-11 15:42:37', 'A', 1, 313, '0', 3),
	(373, 4, '4111', 'Pendaftaran Peserta Kegiatan', 'K', 'Profit', 0, '2017-08-11 15:44:10', '2017-08-11 15:44:10', 'A', 1, 312, '0', 2),
	(374, 4, '41111', 'Seminar', 'K', 'Profit', 0, '2017-08-11 15:44:59', '2017-08-11 15:44:59', 'A', 1, 373, '0', 3),
	(375, 4, '41112', 'Workshop / Training', 'K', 'Profit', 0, '2017-08-11 15:46:12', '2017-08-11 15:46:12', 'A', 1, 373, '0', 3),
	(376, 4, '411120', 'Sekolah Pasar Modal Syariah', 'K', 'Profit', 0, '2017-08-11 15:48:03', '2017-08-11 15:48:03', 'A', 1, 375, '0', 4),
	(377, 4, '4112', 'Donasi', 'K', 'Profit', 0, '2017-08-11 15:49:29', '2017-08-11 15:49:29', 'A', 1, 312, '0', 2),
	(380, 4, '4113', 'Hibah', 'K', 'Profit', 0, '2017-08-11 15:50:23', '2017-08-11 15:50:23', 'A', 1, 312, '0', 2),
	(383, 4, '412', 'Permanen', 'K', 'Profit', 0, '2017-08-11 15:52:04', '2017-08-11 15:52:04', 'A', 1, 309, '0', 1),
	(384, 4, '4120', 'Wakaf', 'K', 'Profit', 0, '2017-08-11 15:53:06', '2017-08-11 15:53:06', 'A', 1, 383, '0', 2),
	(387, 5, '50', 'Pengeluaran Tidak Terikat', 'K', 'Profit', 0, '2017-08-11 15:56:48', '2017-08-11 15:56:48', 'A', 1, 0, '0', 0),
	(390, 5, '501', 'Beban SDM', 'K', 'Profit', 0, '2017-08-11 15:58:56', '2017-08-11 15:58:56', 'A', 1, 387, '0', 1),
	(391, 5, '5010', 'Beban Gaji Karyawan', 'K', 'Profit', 0, '2017-08-11 16:00:13', '2017-08-11 16:00:13', 'A', 1, 390, '0', 2),
	(393, 5, '5011', 'Beban Fee Freelance', 'K', 'Profit', 0, '2017-08-11 16:01:26', '2017-08-11 16:01:26', 'A', 1, 390, '0', 2),
	(394, 5, '5012', 'Beban Beasiswa Karyawan', 'K', 'Profit', 0, '2017-08-11 16:02:25', '2017-08-11 16:02:25', 'A', 1, 390, '0', 2),
	(396, 5, '5013', 'Beban Premi Asuransi Karyawan', 'K', 'Profit', 0, '2017-08-11 16:03:23', '2017-08-11 16:03:23', 'A', 1, 390, '0', 2),
	(397, 5, '502', 'Beban Kantor', 'K', 'Profit', 0, '2017-08-11 16:04:24', '2017-08-11 16:04:24', 'A', 1, 387, '0', 1),
	(400, 5, '5020', 'Beban Sewa Kantor', 'K', 'Profit', 0, '2017-08-11 16:05:20', '2017-08-11 16:05:20', 'A', 1, 397, '0', 2),
	(401, 5, '5021', 'Beban Listrik', 'K', 'Profit', 0, '2017-08-11 16:06:19', '2017-08-11 16:06:19', 'A', 1, 397, '0', 2),
	(404, 5, '5022', 'Beban Telepon', 'K', 'Profit', 0, '2017-08-11 16:07:06', '2017-08-11 16:07:06', 'A', 1, 397, '0', 2),
	(405, 5, '5023', 'Beban Internet', 'K', 'Profit', 0, '2017-08-11 16:08:02', '2017-08-11 16:08:02', 'A', 1, 397, '0', 2),
	(406, 5, '5024', 'Beban Perawatan Kantor', 'K', 'Profit', 0, '2017-08-11 16:08:50', '2017-08-11 16:08:50', 'A', 1, 397, '0', 2),
	(407, 5, '5025', 'Beban Service Charge', 'K', 'Profit', 0, '2017-08-11 16:09:53', '2017-08-11 16:09:53', 'A', 1, 397, '0', 2),
	(408, 5, '503', 'Beban Operasional', 'K', 'Profit', 0, '2017-08-11 19:53:52', '2017-08-11 19:53:52', 'A', 1, 387, '0', 1),
	(410, 5, '5030', 'Beban Transportasi', 'K', 'Profit', 0, '2017-08-11 19:55:13', '2017-08-11 19:55:13', 'A', 1, 408, '0', 2),
	(411, 5, '5031', 'Beban Komunikasi', 'K', 'Profit', 0, '2017-08-11 20:07:54', '2017-08-11 20:07:54', 'A', 1, 408, '0', 2),
	(413, 0, '5032', 'Beban Perjalanan Dinas', 'K', 'Profit', 0, '2017-08-11 20:08:57', '2017-08-14 19:48:51', 'A', 1, 408, '0', 2),
	(414, 5, '5033', 'Beban Perlengkapan Kantor', 'K', 'Profit', 0, '2017-08-11 20:10:21', '2017-08-11 20:10:21', 'A', 1, 408, '0', 2),
	(415, 5, '5034', 'Beban Penyusutan Peralatan Kantor', 'K', 'Profit', 0, '2017-08-11 20:11:22', '2017-08-11 20:11:22', 'A', 1, 408, '0', 2),
	(418, 5, '5035', 'Beban Kebutuhan Kantor', 'K', 'Profit', 0, '2017-08-11 20:12:26', '2017-08-11 20:12:26', 'A', 1, 408, '0', 2),
	(421, 5, '5036', 'Beban Maintenance Website', 'K', 'Profit', 0, '2017-08-11 20:14:13', '2017-08-11 20:14:13', 'A', 1, 408, '0', 2),
	(422, 5, '5037', 'Beban Rapat', 'K', 'Profit', 0, '2017-08-11 20:16:08', '2017-08-11 20:16:08', 'A', 1, 408, '0', 2),
	(423, 5, '5038', 'Beban Surat Kabar', 'K', 'Profit', 0, '2017-08-11 20:17:31', '2017-08-11 20:17:31', 'A', 1, 408, '0', 2),
	(425, 5, '5039', 'Beban Kurir', 'K', 'Profit', 0, '2017-08-11 20:19:05', '2017-08-11 20:19:05', 'A', 1, 408, '0', 2),
	(426, 5, '51', 'Pengeluaran Terikat', 'K', 'Profit', 0, '2017-08-11 20:25:46', '2017-08-11 20:25:46', 'A', 1, 0, '0', 0),
	(427, 5, '511', 'Temporer', 'K', 'Profit', 0, '2017-08-11 20:27:14', '2017-08-11 20:27:14', 'A', 1, 426, '0', 1),
	(428, 5, '5110', 'Sponsorship', 'K', 'Profit', 0, '2017-08-11 20:28:36', '2017-08-11 20:50:00', 'A', 1, 426, '0', 1),
	(430, 5, '51101', 'Seminar', 'K', 'Profit', 0, '2017-08-11 20:30:19', '2017-08-11 20:51:40', 'A', 1, 428, '0', 2),
	(431, 5, '511010', 'Asuransi Syariah', 'K', 'Profit', 0, '2017-08-11 20:31:39', '2017-08-11 20:52:56', 'A', 1, 430, '0', 3),
	(433, 5, '5110101', 'Beban Cetak Media Publikasi', 'K', 'Profit', 0, '2017-08-11 20:54:41', '2017-08-11 20:54:41', 'A', 1, 431, '0', 4),
	(436, 5, '5110102', 'Beban Meeting Package', 'K', 'Profit', 0, '2017-08-11 20:56:05', '2017-08-11 20:56:05', 'A', 1, 431, '0', 4),
	(437, 5, '5110103', 'Beban Insentif Pembicara', 'K', 'Profit', 0, '2017-08-11 20:57:04', '2017-08-11 20:57:04', 'A', 1, 431, '0', 4),
	(440, 5, '5110104', 'Beban Insentif Moderator', 'K', 'Profit', 0, '2017-08-11 20:58:11', '2017-08-11 20:58:11', 'A', 1, 431, '0', 4),
	(443, 5, '5110105', 'Beban Insentif Panitia', 'K', 'Profit', 0, '2017-08-11 20:59:17', '2017-08-11 20:59:17', 'A', 1, 431, '0', 4),
	(444, 5, '5110106', 'Beban Transportasi Panitia', 'K', 'Profit', 0, '2017-08-11 21:00:17', '2017-08-11 21:00:17', 'A', 1, 431, '0', 4),
	(445, 5, '511011', 'Nasional Ekonomi Syariah', 'K', 'Profit', 0, '2017-08-11 21:01:30', '2017-08-11 21:01:30', 'A', 1, 430, '0', 3),
	(448, 5, '5110111', 'Beban Iklan Surat Kabar', 'K', 'Profit', 0, '2017-08-11 21:02:41', '2017-08-11 21:02:41', 'A', 1, 445, '0', 4),
	(450, 5, '511012', 'Roadshow Seminar Asuransi Syariah', 'K', 'Profit', 0, '2017-08-11 21:03:46', '2017-08-11 21:03:46', 'A', 1, 430, '0', 3),
	(451, 5, '5110121', 'Beban Cetak Media Publikasi', 'K', 'Profit', 0, '2017-08-11 21:04:47', '2017-08-11 21:04:47', 'A', 1, 450, '0', 4),
	(453, 5, '5110122', 'Beban Konsumsi', 'K', 'Profit', 0, '2017-08-11 21:05:36', '2017-08-11 21:05:36', 'A', 1, 450, '0', 4),
	(454, 5, '5110123', 'Beban Akomodasi Pembicara', 'K', 'Profit', 0, '2017-08-11 21:06:34', '2017-08-11 21:06:34', 'A', 1, 450, '0', 4),
	(455, 5, '5110124', 'Beban Transportasi Pembicara', 'K', 'Profit', 0, '2017-08-11 21:07:27', '2017-08-11 21:07:27', 'A', 1, 450, '0', 4),
	(458, 5, '5110125', 'Beban Perjalanan Dinas Panitia Pusat', 'K', 'Profit', 0, '2017-08-11 21:08:46', '2017-08-11 21:08:46', 'A', 1, 450, '0', 4),
	(463, 5, '5110126', 'Beban Insentif Pembicara', 'K', 'Profit', 0, '2017-08-13 18:30:48', '2017-08-13 18:30:48', 'A', 1, 450, '0', 4),
	(465, 5, '5110127', 'Beban Insentif Moderator', 'K', 'Profit', 0, '2017-08-13 18:31:43', '2017-08-13 18:31:43', 'A', 1, 450, '0', 4),
	(468, 5, '51102', 'Penerbitan', 'K', 'Profit', 0, '2017-08-13 18:33:45', '2017-08-13 18:33:45', 'A', 1, 428, '0', 2),
	(470, 5, '511020', 'Kalender', 'K', 'Profit', 0, '2017-08-13 18:34:33', '2017-08-13 18:34:33', 'A', 1, 468, '0', 3),
	(471, 5, '5110201', 'Beban Cetak', 'K', 'Profit', 0, '2017-08-13 18:35:30', '2017-08-13 18:35:30', 'A', 1, 470, '0', 4),
	(472, 5, '5110202', 'Beban Insentif Designer', 'K', 'Profit', 0, '2017-08-13 18:36:25', '2017-08-13 18:36:25', 'A', 1, 470, '0', 4),
	(473, 5, '51103', 'Workshop / Training', 'K', 'Profit', 0, '2017-08-13 18:37:39', '2017-08-13 18:37:39', 'A', 1, 428, '0', 2),
	(476, 5, '511030', 'Sekolah Pasar Modal Syariah', 'K', 'Profit', 0, '2017-08-13 18:38:40', '2017-08-13 18:38:40', 'A', 1, 473, '0', 3),
	(477, 5, '5110302', 'Beban Meeting Package', 'K', 'Profit', 0, '2017-08-13 18:42:22', '2017-08-13 18:42:22', 'A', 1, 476, '0', 4),
	(478, 5, '5110301', 'Beban Cetak Media Publikasi', 'K', 'Profit', 0, '2017-08-13 18:43:42', '2017-08-13 18:43:42', 'A', 1, 476, '0', 4),
	(480, 5, '5110303', 'Beban Insentif Pembicara', 'K', 'Profit', 0, '2017-08-13 18:44:43', '2017-08-13 18:44:43', 'A', 1, 476, '0', 4),
	(482, 5, '5110304', 'Beban Perjalanan Dinas Panitia Pusat', 'K', 'Profit', 0, '2017-08-13 18:45:58', '2017-08-13 18:45:58', 'A', 1, 476, '0', 4),
	(483, 5, '5110305', 'Beban Iklan Surat Kabar', 'K', 'Profit', 0, '2017-08-13 18:47:38', '2017-08-13 18:47:38', 'A', 1, 476, '0', 4),
	(485, 5, '50310', 'Beban Administrasi Rekening', 'K', 'Neraca', 0, '2017-08-14 16:59:08', '2017-08-14 16:59:08', 'A', 1, 408, '0', 2),
	(486, 5, '50311', 'Beban Penyusutan Mobil', 'D', 'Profit', 0, '2017-08-20 05:52:59', '2017-08-20 05:52:59', 'A', 1, 408, '0', 2),
	(487, 5, '51104', 'Program Media', 'K', 'Profit', 0, '2017-09-13 06:49:07', '2017-09-16 01:56:24', 'A', NULL, 428, '0', 2),
	(488, 5, '511040', 'Bincang Tuntas Bisnis Syariah', 'K', 'Profit', 0, '2017-09-16 02:00:43', '2017-09-16 02:00:43', 'A', NULL, 487, '0', 3),
	(489, 5, '5110401', 'Beban Blocking Airtime', 'K', 'Profit', 0, '2017-09-16 02:06:01', '2017-09-16 02:06:01', 'A', NULL, 488, '0', 4),
	(490, 5, '5110402', 'Beban transportasi audiens', 'K', 'Profit', 0, '2017-09-16 02:07:42', '2017-09-16 02:07:42', 'A', NULL, 488, '0', 4),
	(491, 5, '5110403', 'Beban konsumsi audiens', 'K', 'Profit', 0, '2017-09-16 02:10:33', '2017-09-16 02:10:33', 'A', NULL, 488, '0', 4),
	(492, 5, '5110404', 'Beban insentif narasumber', 'K', 'Profit', 0, '2017-09-16 02:11:52', '2017-09-16 02:11:52', 'A', NULL, 488, '0', 4),
	(493, 5, '5110405', 'Beban insentif host', 'K', 'Profit', 0, '2017-09-16 02:13:07', '2017-09-16 02:13:07', 'A', NULL, 488, '0', 4),
	(494, 5, '5110406', 'Beban transportasi panitia', 'K', 'Profit', 0, '2017-09-16 02:15:01', '2017-09-16 02:15:01', 'A', NULL, 488, '0', 4),
	(495, 5, '5110407', 'Beban konsumsi panitia', 'K', 'Profit', 0, '2017-09-16 02:16:32', '2017-09-16 02:16:32', 'A', NULL, 488, '0', 4),
	(496, 5, '5110408', 'Beban wardrobe host', 'K', 'Profit', 0, '2017-09-16 02:17:40', '2017-09-16 02:17:40', 'A', NULL, 488, '0', 4),
	(497, 5, '5110409', 'Beban insentif panitia', 'K', 'Profit', 0, '2017-09-16 02:18:52', '2017-09-16 02:18:52', 'A', NULL, 488, '0', 4),
	(498, 5, '51104010', 'Beban insentif tim kreatif', 'K', 'Profit', 0, '2017-09-16 02:19:54', '2017-09-16 02:19:54', 'A', NULL, 488, '0', 4),
	(499, 5, '51104011', 'Beban cetak laporan', 'K', 'Profit', 0, '2017-09-16 02:21:21', '2017-09-16 02:21:21', 'A', NULL, 488, '0', 4),
	(500, 5, '51105', 'Silaturahim', 'K', 'Profit', 0, '2017-09-16 02:22:37', '2017-09-16 02:22:37', 'A', NULL, 428, '0', 2),
	(501, 5, '511050', 'Idul Fitri', 'K', 'Profit', 0, '2017-09-16 02:23:50', '2017-09-16 02:23:50', 'A', NULL, 500, '0', 3),
	(502, 5, '5110501', 'Beban cetak media publikasi', 'K', 'Profit', 0, '2017-09-16 02:25:25', '2017-09-16 02:25:25', 'A', NULL, 501, '0', 4),
	(503, 5, '5110502', 'Beban setup panggung', 'K', 'Profit', 0, '2017-09-16 02:26:40', '2017-09-16 02:26:40', 'A', NULL, 501, '0', 4),
	(504, 5, '5110503', 'Beban insentif pengisi acara', 'K', 'Profit', 0, '2017-09-16 02:27:53', '2017-09-16 02:27:53', 'A', NULL, 501, '0', 4),
	(505, 5, '5110504', 'Beban transportasi panitia', 'K', 'Profit', 0, '2017-09-16 02:39:19', '2017-09-16 02:39:19', 'A', NULL, 501, '0', 4),
	(506, 5, '5110505', 'Beban meeting package', 'K', 'Profit', 0, '2017-09-16 02:43:27', '2017-09-16 02:43:27', 'A', NULL, 501, '0', 4),
	(507, 5, '5110506', 'Beban insentif panitia', 'K', 'Profit', 0, '2017-09-16 02:44:28', '2017-09-16 02:44:28', 'A', NULL, 501, '0', 4),
	(508, 5, '5110507', 'Beban iklan surat kabar', 'K', 'Profit', 0, '2017-09-16 02:45:44', '2017-09-16 02:45:44', 'A', NULL, 501, '0', 4),
	(509, 5, '511051', 'Nasional', 'K', 'Profit', 0, '2017-09-16 02:47:03', '2017-09-16 02:47:03', 'A', NULL, 500, '0', 3),
	(510, 5, '5110511', 'Beban cetak media publikasi', 'K', 'Profit', 0, '2017-09-16 02:48:21', '2017-09-16 02:48:21', 'A', NULL, 509, '0', 4),
	(511, 5, '5110512', 'Beban setup panggung', 'K', 'Profit', 0, '2017-09-16 02:50:32', '2017-09-16 02:50:32', 'A', NULL, 509, '0', 4),
	(512, 5, '5110513', 'Beban insentif pengisi acara', 'K', 'Profit', 0, '2017-09-16 02:53:33', '2017-09-16 02:53:33', 'A', NULL, 509, '0', 4),
	(513, 5, '5110514', 'Beban transportasi panitia', 'K', 'Profit', 0, '2017-09-16 02:55:24', '2017-09-16 02:55:24', 'A', NULL, 509, '0', 4),
	(514, 5, '5110515', 'Beban meeting package', 'K', 'Profit', 0, '2017-09-16 02:56:29', '2017-09-16 02:56:29', 'A', NULL, 509, '0', 4),
	(515, 5, '5110516', 'Beban insentif panitia', 'K', 'Profit', 0, '2017-09-16 02:58:10', '2017-09-16 02:58:10', 'A', NULL, 509, '0', 4),
	(516, 5, '5110517', 'Beban iklan surat kabar', 'K', 'Profit', 0, '2017-09-16 03:00:04', '2017-09-16 03:00:04', 'A', NULL, 509, '0', 4),
	(517, 5, '51106', 'Musyawarah', 'K', 'Profit', 0, '2017-09-16 03:05:49', '2017-09-16 03:05:49', 'A', NULL, 428, '0', 2),
	(518, 5, '511060', 'Nasional', 'K', 'Profit', 0, '2017-09-18 03:00:38', '2017-09-18 03:00:38', 'A', NULL, 517, '0', 3),
	(519, 5, '5110601', 'Beban cetak media publikasi', 'K', 'Profit', 0, '2017-09-18 03:01:57', '2017-09-18 03:01:57', 'A', NULL, 518, '0', 4),
	(520, 5, '5110602', 'Beban setup panggung', 'K', 'Profit', 0, '2017-09-18 03:03:04', '2017-09-18 03:03:04', 'A', NULL, 518, '0', 4),
	(521, 5, '5110603', 'Beban insentif pengisi acara', 'K', 'Profit', 0, '2017-09-18 03:04:33', '2017-09-18 03:04:33', 'A', NULL, 518, '0', 4),
	(522, 5, '5110604', 'Beban transportasi panitia', 'K', 'Profit', 0, '2017-09-18 03:05:41', '2017-09-18 03:05:41', 'A', NULL, 518, '0', 4),
	(523, 5, '5110605', 'Beban meeting package', 'K', 'Profit', 0, '2017-09-18 03:06:55', '2017-09-18 03:06:55', 'A', NULL, 518, '0', 4),
	(524, 5, '5110606', 'Beban insentif panitia', 'K', 'Profit', 0, '2017-09-18 03:07:50', '2017-09-18 03:07:50', 'A', NULL, 518, '0', 4),
	(525, 5, '5110607', 'Beban iklan surat kabar', 'K', 'Profit', 0, '2017-09-18 03:09:22', '2017-09-18 03:09:22', 'A', NULL, 518, '0', 4),
	(526, 5, '511061', 'Wilayah', 'K', 'Profit', 0, '2017-09-18 03:10:28', '2017-09-18 03:10:28', 'A', NULL, 517, '0', 3),
	(527, 5, '5110611', 'Beban cetak media publikasi', 'K', 'Profit', 0, '2017-09-18 03:19:39', '2017-09-18 03:19:39', 'A', NULL, 526, '0', 4),
	(528, 5, '5110612', 'Beban setup panggung', 'K', 'Profit', 0, '2017-09-18 03:20:42', '2017-09-18 03:20:42', 'A', NULL, 526, '0', 4),
	(529, 5, '5110613', 'Beban insentif pengisi acara', 'K', 'Profit', 0, '2017-09-18 03:24:15', '2017-09-18 03:24:15', 'A', NULL, 526, '0', 4),
	(530, 5, '5110614', 'Beban transportasi panitia', 'K', 'Profit', 0, '2017-09-18 03:25:51', '2017-09-18 03:25:51', 'A', NULL, 526, '0', 4),
	(531, 5, '5110615', 'Beban meeting package', 'K', 'Profit', 0, '2017-09-18 03:26:43', '2017-09-18 03:26:43', 'A', NULL, 526, '0', 4),
	(532, 5, '5110616', 'Beban insentif panitia', 'K', 'Profit', 0, '2017-09-18 03:27:46', '2017-09-18 03:27:46', 'A', NULL, 526, '0', 4),
	(533, 5, '5110617', 'Beban iklan surat kabar', 'K', 'Profit', 0, '2017-09-18 03:28:51', '2017-09-18 03:28:51', 'A', NULL, 526, '0', 4),
	(534, 5, '511062', 'Daerah', 'K', 'Profit', 0, '2017-09-18 03:30:06', '2017-09-18 03:30:06', 'A', NULL, 517, '0', 3),
	(535, 5, '5110621', 'Beban cetak media publikasi', 'K', 'Profit', 0, '2017-09-18 03:31:49', '2017-09-18 03:31:49', 'A', NULL, 534, '0', 4),
	(536, 5, '5110622', 'Beban setup panggung', 'K', 'Profit', 0, '2017-09-20 02:26:35', '2017-09-20 02:26:35', 'A', NULL, 534, '0', 4),
	(537, 5, '5110623', 'Beban insentif pengisi acara', 'K', 'Profit', 0, '2017-09-20 02:27:36', '2017-09-20 02:27:36', 'A', NULL, 534, '0', 4),
	(538, 5, '5110624', 'Beban transportasi panitia', 'K', 'Profit', 0, '2017-09-20 02:28:47', '2017-09-20 02:28:47', 'A', NULL, 534, '0', 4),
	(539, 5, '5110625', 'Beban meeting package', 'K', 'Profit', 0, '2017-09-20 02:29:41', '2017-09-20 02:29:41', 'A', NULL, 534, '0', 4),
	(540, 5, '5110626', 'Beban insentif panitia', 'K', 'Profit', 0, '2017-09-20 02:30:35', '2017-09-20 02:30:35', 'A', NULL, 534, '0', 4),
	(541, 5, '5110627', 'Beban iklan surat kabar', 'K', 'Profit', 0, '2017-09-20 02:31:49', '2017-09-20 02:31:49', 'A', NULL, 534, '0', 4),
	(542, 5, '51107', 'Lain-lain', 'K', 'Profit', 0, '2017-09-20 02:33:12', '2017-09-20 02:33:12', 'A', NULL, 428, '0', 2),
	(543, 5, '5111', 'Donasi', 'K', 'Profit', 0, '2017-09-20 02:36:07', '2017-09-20 02:36:07', 'A', NULL, 427, '0', 2),
	(544, 5, '5112', 'Hibah', 'K', 'Profit', 0, '2017-09-20 02:36:55', '2017-09-20 02:36:55', 'A', NULL, 427, '0', 2),
	(545, 5, '512', 'Permanen', 'K', 'Profit', 0, '2017-09-20 02:38:16', '2017-09-20 02:38:16', 'A', NULL, 426, '0', 1),
	(546, 5, '5120', 'Wakaf', 'K', 'Profit', 0, '2017-09-20 02:39:14', '2017-09-20 02:39:14', 'A', NULL, 545, '0', 2),
	(547, 5, '504', 'Beban Non Operasional', 'K', 'Profit', 0, '2017-09-21 05:39:10', '2017-09-21 05:39:10', 'A', NULL, 387, '0', 1),
	(548, 5, '5040 ', 'Beban Bagi Hasil Bank', 'K', 'Profit', 0, '2017-09-21 05:57:20', '2017-09-21 05:57:20', 'A', NULL, 547, '0', 2),
	(550, 1, '1021', 'Unit Usaha Syariah', 'D', 'Neraca', 0, '2017-10-25 05:07:56', '2017-10-25 05:07:56', 'A', NULL, 5, '0', 2);
/*!40000 ALTER TABLE `mst_akun` ENABLE KEYS */;


-- Dumping structure for table akuntansi.mst_akunx
DROP TABLE IF EXISTS `mst_akunx`;
CREATE TABLE IF NOT EXISTS `mst_akunx` (
  `id_akun` int(11) NOT NULL AUTO_INCREMENT,
  `id_tipe_akun` int(11) NOT NULL,
  `kode_akun` varchar(20) NOT NULL,
  `nama_akun` varchar(50) NOT NULL,
  `saldo_normal` varchar(1) NOT NULL,
  `lokasi` varchar(15) NOT NULL,
  `posisi` int(11) NOT NULL,
  `tgl_dibuat` datetime NOT NULL,
  `tgl_diubah` datetime NOT NULL,
  `aktif` varchar(1) NOT NULL,
  `company_id` int(11) NOT NULL,
  `id_parent` int(11) DEFAULT NULL,
  `is_parent` enum('0','1') DEFAULT '0',
  `level` int(11) DEFAULT NULL,
  PRIMARY KEY (`id_akun`)
) ENGINE=InnoDB AUTO_INCREMENT=25 DEFAULT CHARSET=latin1;

-- Dumping data for table akuntansi.mst_akunx: ~24 rows (approximately)
/*!40000 ALTER TABLE `mst_akunx` DISABLE KEYS */;
INSERT INTO `mst_akunx` (`id_akun`, `id_tipe_akun`, `kode_akun`, `nama_akun`, `saldo_normal`, `lokasi`, `posisi`, `tgl_dibuat`, `tgl_diubah`, `aktif`, `company_id`, `id_parent`, `is_parent`, `level`) VALUES
	(1, 1, '10', 'Aset Lancar', 'D', 'Neraca', 1, '2016-07-28 11:29:47', '2017-02-17 10:45:52', 'A', 1, 0, '0', 0),
	(2, 1, '101', 'Kas', 'D', 'Neraca', 3, '2016-07-28 11:37:00', '2016-07-28 12:01:51', 'A', 1, 1, '1', 1),
	(3, 1, '1010', 'Kas Kecil', 'K', 'Neraca', 1, '2016-08-26 09:37:02', '2016-08-26 09:37:02', 'A', 1, 2, '1', 2),
	(4, 1, '1013', 'Kas Besar', 'K', 'Neraca', 2, '2016-08-26 09:37:19', '2017-02-22 23:52:19', 'A', 1, 2, '1', 2),
	(5, 1, '102', 'Bank', 'K', 'Neraca', 3, '2017-02-20 10:30:50', '2017-02-20 10:30:50', 'A', 1, 1, '1', 1),
	(6, 1, '1020', 'Bank Umum Syariah', 'K', 'Neraca', 3, '2017-02-20 10:30:50', '2017-02-20 10:30:50', 'A', 1, 5, '1', 2),
	(7, 1, '10201', 'Bank Muamalat', 'K', 'Profit', 6, '2016-08-26 09:37:34', '2017-02-10 15:37:05', 'A', 1, 6, '1', 3),
	(8, 1, '1021', 'Unit Usaha Syariah', 'D', 'Profit', 2, '2017-02-17 10:52:43', '2017-02-17 10:52:43', 'A', 1, 5, '1', 2),
	(9, 1, '10211', 'Bank Cimb Niaga Syariah', 'D', 'Neraca', 1, '2017-03-03 15:37:07', '2017-03-23 15:48:14', 'A', 1, 8, '1', 3),
	(10, 1, '1022', 'BMT/Koperasi Syariah', 'D', 'Neraca', 0, '2017-03-05 10:50:55', '2017-03-05 10:51:47', 'A', 1, 5, '1', 2),
	(11, 1, '103', 'Investasi Jangka Pendek', 'D', 'Neraca', 0, '2017-03-05 18:28:44', '2017-03-05 18:28:44', 'A', 1, 1, '1', 1),
	(12, 1, '1030', 'Deposito Syariah', 'D', 'Neraca', 0, '2017-03-17 13:46:17', '2017-03-17 13:46:17', 'A', 1, 11, '1', 2),
	(13, 2, '20', 'Kewajiban Jangka Pendek', 'D', 'Neraca', 0, '0000-00-00 00:00:00', '0000-00-00 00:00:00', 'A', 1, 0, '0', 0),
	(14, 2, '201', 'Utang Kewajiban Sponsorship', 'D', 'Neraca', 0, '0000-00-00 00:00:00', '0000-00-00 00:00:00', 'A', 1, 13, '1', 1),
	(15, 2, '202', 'Utang Kewajiban Donasi', 'D', 'Neraca', 0, '0000-00-00 00:00:00', '0000-00-00 00:00:00', 'A', 1, 13, '1', 1),
	(16, 2, '203', 'Utang Kewajiban Hibah', 'D', 'Neraca', 0, '0000-00-00 00:00:00', '0000-00-00 00:00:00', 'A', 1, 13, '1', 1),
	(17, 2, '2010', 'Seminar', 'D', 'Neraca', 0, '0000-00-00 00:00:00', '0000-00-00 00:00:00', 'A', 1, 14, '1', 2),
	(18, 1, '1012', 'Kas Contoh', 'D', 'Neraca', 0, '0000-00-00 00:00:00', '0000-00-00 00:00:00', 'A', 0, 2, '1', 2),
	(19, 1, '10202', 'Mandiri Syariah', 'D', 'Neraca', 0, '2017-07-21 10:51:28', '2017-07-21 10:51:28', 'A', 1, 6, '1', 3),
	(20, 1, '10203', 'BCA Syariah', 'D', 'Neraca', 0, '2017-07-21 10:59:12', '2017-07-21 10:59:12', 'A', 1, 6, '0', 3),
	(21, 4, '40', 'Penerimaan', 'D', 'Neraca', 0, '2017-07-21 11:04:31', '2017-07-21 11:04:31', 'A', 1, 0, '0', 0),
	(22, 4, '401', 'Penerimaan Berikat', 'D', 'Neraca', 0, '2017-07-21 11:05:12', '2017-07-21 11:05:12', 'A', 1, 21, '0', 1),
	(23, 4, '402', 'Penerimaan Tidak Berikat', 'D', 'Neraca', 0, '2017-07-21 11:05:39', '2017-07-21 11:05:39', 'A', 1, 21, '0', 1),
	(24, 4, '4011', 'Berikat tetap', 'D', 'Neraca', 0, '2017-07-21 11:06:08', '2017-07-21 11:06:08', 'A', 1, 22, '0', 2);
/*!40000 ALTER TABLE `mst_akunx` ENABLE KEYS */;


-- Dumping structure for table akuntansi.mst_coa
DROP TABLE IF EXISTS `mst_coa`;
CREATE TABLE IF NOT EXISTS `mst_coa` (
  `id_akun` int(11) NOT NULL AUTO_INCREMENT,
  `parent_id` int(11) NOT NULL DEFAULT '0',
  `id_tipe_akun` int(11) NOT NULL,
  `kode_akun` varchar(20) NOT NULL,
  `nama_akun` varchar(50) NOT NULL,
  `saldo_normal` varchar(1) NOT NULL,
  `lokasi` varchar(15) NOT NULL,
  `posisi` int(11) NOT NULL,
  `tgl_dibuat` datetime NOT NULL,
  `tgl_diubah` datetime NOT NULL,
  `aktif` varchar(1) NOT NULL,
  `company_id` int(11) NOT NULL,
  PRIMARY KEY (`id_akun`),
  UNIQUE KEY `kode_akun` (`kode_akun`)
) ENGINE=InnoDB AUTO_INCREMENT=13 DEFAULT CHARSET=latin1 ROW_FORMAT=COMPACT;

-- Dumping data for table akuntansi.mst_coa: ~12 rows (approximately)
/*!40000 ALTER TABLE `mst_coa` DISABLE KEYS */;
INSERT INTO `mst_coa` (`id_akun`, `parent_id`, `id_tipe_akun`, `kode_akun`, `nama_akun`, `saldo_normal`, `lokasi`, `posisi`, `tgl_dibuat`, `tgl_diubah`, `aktif`, `company_id`) VALUES
	(1, 0, 13, '110001', 'Kas', 'D', 'Neraca', 1, '2016-07-28 11:29:47', '2017-02-17 10:45:52', 'A', 1),
	(2, 0, 1, '110003', 'Perlengkapan', 'D', 'Neraca', 3, '2016-07-28 11:37:00', '2016-07-28 12:01:51', 'A', 1),
	(3, 0, 4, '210001', 'Hutang Lancar', 'K', 'Neraca', 4, '2016-08-26 09:37:02', '2016-08-26 09:37:02', 'A', 1),
	(4, 0, 6, '310001', 'Modal Usaha', 'K', 'Neraca', 5, '2016-08-26 09:37:19', '2017-02-22 23:52:19', 'A', 1),
	(5, 0, 6, '310002', 'Laba (Rugi) Ditahan', 'K', 'Neraca', 3, '2017-02-20 10:30:50', '2017-02-20 10:30:50', 'A', 1),
	(6, 0, 6, '310003', 'Laba (Rugi) Bulan Berjalan', 'K', 'Neraca', 3, '2017-02-20 10:30:50', '2017-02-20 10:30:50', 'A', 1),
	(7, 0, 7, '410001', 'Penjualan', 'K', 'Profit', 6, '2016-08-26 09:37:34', '2017-02-10 15:37:05', 'A', 1),
	(8, 0, 9, '511000', 'Harga Pokok Penjualan', 'D', 'Profit', 2, '2017-02-17 10:52:43', '2017-02-17 10:52:43', 'A', 1),
	(9, 0, 13, '111111', '11111111111', 'D', 'Neraca', 1, '2017-03-03 15:37:07', '2017-07-17 13:36:00', 'N', 1),
	(10, 0, 1, '119000', '1111xxx', 'D', 'Neraca', 0, '2017-03-05 10:50:55', '2017-07-17 13:35:47', 'N', 1),
	(11, 0, 2, '129999', 'AKUN BARU', 'D', 'Neraca', 0, '2017-03-05 18:28:44', '2017-03-05 18:28:44', 'A', 1),
	(12, 0, 13, '111234', '1234', 'D', 'Neraca', 0, '2017-03-17 13:46:17', '2017-07-17 13:36:08', 'N', 1);
/*!40000 ALTER TABLE `mst_coa` ENABLE KEYS */;


-- Dumping structure for table akuntansi.mst_company
DROP TABLE IF EXISTS `mst_company`;
CREATE TABLE IF NOT EXISTS `mst_company` (
  `company_id` int(11) NOT NULL AUTO_INCREMENT,
  `company_name` varchar(30) NOT NULL,
  `address` varchar(100) NOT NULL,
  `telp_anda` varchar(20) NOT NULL,
  `email_anda` varchar(50) NOT NULL,
  `tgl_daftar` datetime NOT NULL,
  `kode_unik` varchar(20) NOT NULL,
  `tipe` varchar(10) NOT NULL,
  PRIMARY KEY (`company_id`)
) ENGINE=InnoDB AUTO_INCREMENT=2 DEFAULT CHARSET=latin1;

-- Dumping data for table akuntansi.mst_company: ~1 rows (approximately)
/*!40000 ALTER TABLE `mst_company` DISABLE KEYS */;
INSERT INTO `mst_company` (`company_id`, `company_name`, `address`, `telp_anda`, `email_anda`, `tgl_daftar`, `kode_unik`, `tipe`) VALUES
	(1, 'NAMA PERUSAHAAN', 'ALAMAT 1234', '089628704241', 'aryaubd@gmail.com', '2017-02-22 23:45:07', '6g5burs5sy04', 'Free');
/*!40000 ALTER TABLE `mst_company` ENABLE KEYS */;


-- Dumping structure for table akuntansi.mst_jenjang
DROP TABLE IF EXISTS `mst_jenjang`;
CREATE TABLE IF NOT EXISTS `mst_jenjang` (
  `id_jenjang` int(11) NOT NULL AUTO_INCREMENT,
  `kode_jenjang` varchar(50) NOT NULL DEFAULT '0',
  `nama_jenjang` varchar(80) NOT NULL,
  `keterangan` varchar(180) NOT NULL,
  `id_parent` int(11) NOT NULL DEFAULT '0',
  `level` int(11) NOT NULL DEFAULT '0',
  `aktif` varchar(50) NOT NULL DEFAULT 'A',
  PRIMARY KEY (`id_jenjang`)
) ENGINE=MyISAM AUTO_INCREMENT=11 DEFAULT CHARSET=latin1;

-- Dumping data for table akuntansi.mst_jenjang: 4 rows
/*!40000 ALTER TABLE `mst_jenjang` DISABLE KEYS */;
INSERT INTO `mst_jenjang` (`id_jenjang`, `kode_jenjang`, `nama_jenjang`, `keterangan`, `id_parent`, `level`, `aktif`) VALUES
	(1, '1', 'Pengurus Pusat', '', 0, 0, 'A'),
	(2, '10', 'Pengurus Wilayah', '', 1, 1, 'A'),
	(3, '100', 'Pengurus Daerah', '', 2, 2, 'A'),
	(10, '11', 'Pengurus Wilayah Khusus', '', 1, 1, 'A');
/*!40000 ALTER TABLE `mst_jenjang` ENABLE KEYS */;


-- Dumping structure for table akuntansi.mst_kepengurusan
DROP TABLE IF EXISTS `mst_kepengurusan`;
CREATE TABLE IF NOT EXISTS `mst_kepengurusan` (
  `id` int(11) NOT NULL AUTO_INCREMENT,
  `nama` varchar(50) NOT NULL DEFAULT '0',
  PRIMARY KEY (`id`)
) ENGINE=InnoDB AUTO_INCREMENT=4 DEFAULT CHARSET=latin1;

-- Dumping data for table akuntansi.mst_kepengurusan: ~3 rows (approximately)
/*!40000 ALTER TABLE `mst_kepengurusan` DISABLE KEYS */;
INSERT INTO `mst_kepengurusan` (`id`, `nama`) VALUES
	(1, 'Ketua'),
	(2, 'Sekretaris'),
	(3, 'Bendahara');
/*!40000 ALTER TABLE `mst_kepengurusan` ENABLE KEYS */;


-- Dumping structure for table akuntansi.mst_pengguna
DROP TABLE IF EXISTS `mst_pengguna`;
CREATE TABLE IF NOT EXISTS `mst_pengguna` (
  `id_pengguna` bigint(20) NOT NULL AUTO_INCREMENT,
  `nama` varchar(50) NOT NULL,
  `panggilan` varchar(50) NOT NULL,
  `email` varchar(50) NOT NULL,
  `katasandi` varchar(60) NOT NULL,
  `dibuat` datetime NOT NULL,
  `terakhir` datetime NOT NULL,
  `company_id` int(11) DEFAULT NULL,
  `kategori` varchar(20) NOT NULL,
  `id_organisasi` int(11) DEFAULT NULL,
  `pengurus_id` int(11) NOT NULL,
  `koderahasia` varchar(20) NOT NULL,
  `verifikasi` varchar(1) NOT NULL,
  `link_url` varchar(50) NOT NULL,
  `status` varchar(1) NOT NULL,
  `user_cizacl_role_id_pg` int(11) NOT NULL,
  PRIMARY KEY (`id_pengguna`),
  UNIQUE KEY `koderahasia` (`koderahasia`)
) ENGINE=InnoDB AUTO_INCREMENT=14 DEFAULT CHARSET=latin1;

-- Dumping data for table akuntansi.mst_pengguna: ~8 rows (approximately)
/*!40000 ALTER TABLE `mst_pengguna` DISABLE KEYS */;
INSERT INTO `mst_pengguna` (`id_pengguna`, `nama`, `panggilan`, `email`, `katasandi`, `dibuat`, `terakhir`, `company_id`, `kategori`, `id_organisasi`, `pengurus_id`, `koderahasia`, `verifikasi`, `link_url`, `status`, `user_cizacl_role_id_pg`) VALUES
	(1, 'Bp. Iqbal', '', 'admin@example.com', '202cb962ac59075b964b07152d234b70', '2017-02-22 23:45:07', '2017-08-18 09:46:23', 1, 'Admin', NULL, 1, '6g5burs5sy04', 'A', '', 'A', 1),
	(6, 'Roy Buana', '', 'buana_roy@yahoo.co.id', 'e10adc3949ba59abbe56e057f20f883e', '2017-07-18 07:53:53', '2017-09-05 18:40:33', 1, 'Supervisor', 3, 0, '72k682azptcs', 'A', '', 'A', 1),
	(7, 'Pemohon', '', 'pemohon@gmailz.com', 'ca06ffe1f132dc15959715e265726b12', '2017-09-07 07:25:43', '2017-09-07 07:25:43', 1, '', 2, 0, '5y8h8dqfewav', 'A', '', 'A', 5),
	(8, 'Penyelia', '', 'penyelia@gmailz.com', '7369be10c2563c44570db322b34d05c6', '2017-09-07 17:46:09', '2017-09-07 17:46:09', 1, '', 3, 0, '4gpkfp1m8qr4', 'A', '', 'A', 6),
	(9, 'Pemohon', '', 'mohon@gmailz.com', 'b3254e21fe0f3ebf24b65f05624a0398', '2017-09-07 17:49:11', '2017-09-07 17:49:11', 1, '', 3, 0, '1mworwkik46f', 'A', '', 'A', 5),
	(11, 'Nanang', '', 'admin@ex.com', '1534b76d325a8f591b52d302e7181331', '2017-02-22 23:45:07', '2017-08-18 09:46:23', 1, 'Admin', NULL, 2, '6g5burs5sy06', 'A', '', 'A', 1),
	(12, 'Pemohon 1', '', 'pemohon@pemohon.com', '1534b76d325a8f591b52d302e7181331', '2017-11-01 13:27:00', '2017-11-01 13:27:00', 1, '', 1, 0, '3ill0gdt4chg', 'A', '', 'A', 5),
	(13, 'Sultan', '', 'admin@ex.cob', '3691df6c5f84c47f46a426750ded3d13', '2017-11-10 11:01:52', '2017-11-10 11:01:52', NULL, '', NULL, 3, '6fk4oh8w13c4', 'A', '', 'A', 5);
/*!40000 ALTER TABLE `mst_pengguna` ENABLE KEYS */;


-- Dumping structure for table akuntansi.mst_rekening_bank
DROP TABLE IF EXISTS `mst_rekening_bank`;
CREATE TABLE IF NOT EXISTS `mst_rekening_bank` (
  `bank_id` int(11) NOT NULL AUTO_INCREMENT,
  `bank_kode` varchar(50) NOT NULL,
  `bank_cabang` varchar(50) DEFAULT NULL,
  `bank_nama` varchar(50) DEFAULT NULL,
  `bank_atas_nama` varchar(50) DEFAULT NULL,
  `bank_no_rek` varchar(50) DEFAULT NULL,
  `bank_jenis_tabungan` varchar(50) DEFAULT NULL,
  `biaya_admin` int(11) NOT NULL,
  `user_id` int(11) DEFAULT NULL,
  `update_user_id` int(11) NOT NULL,
  `insert_user_id` int(11) DEFAULT NULL,
  `insert_timestamp` datetime NOT NULL,
  `update_timestamp` datetime NOT NULL,
  PRIMARY KEY (`bank_id`),
  UNIQUE KEY `bank_kode` (`bank_kode`)
) ENGINE=MyISAM AUTO_INCREMENT=8 DEFAULT CHARSET=latin1;

-- Dumping data for table akuntansi.mst_rekening_bank: 2 rows
/*!40000 ALTER TABLE `mst_rekening_bank` DISABLE KEYS */;
INSERT INTO `mst_rekening_bank` (`bank_id`, `bank_kode`, `bank_cabang`, `bank_nama`, `bank_atas_nama`, `bank_no_rek`, `bank_jenis_tabungan`, `biaya_admin`, `user_id`, `update_user_id`, `insert_user_id`, `insert_timestamp`, `update_timestamp`) VALUES
	(4, '147', 'Brigjend Katamso', 'Bank Muamalat', 'Mes', '12.1212.12121', 'Giro', 3000, NULL, 11, NULL, '2017-08-21 23:45:46', '2017-11-02 12:08:10'),
	(6, 'test', 'test', 'bank Syariah Mandiri', 'Mes', '123131', 'Tabungan', 2500, NULL, 11, NULL, '2017-09-02 05:18:37', '2017-11-02 13:49:56');
/*!40000 ALTER TABLE `mst_rekening_bank` ENABLE KEYS */;


-- Dumping structure for table akuntansi.mst_tipeakun
DROP TABLE IF EXISTS `mst_tipeakun`;
CREATE TABLE IF NOT EXISTS `mst_tipeakun` (
  `id_tipe_akun` int(11) NOT NULL AUTO_INCREMENT,
  `kode_tipe_akun` varchar(2) NOT NULL,
  `nama_tipe_akun` varchar(30) NOT NULL,
  `keterangan` varchar(160) DEFAULT NULL,
  `tgl_dibuat` timestamp NOT NULL DEFAULT CURRENT_TIMESTAMP ON UPDATE CURRENT_TIMESTAMP,
  `tgl_diubah` datetime NOT NULL,
  PRIMARY KEY (`id_tipe_akun`)
) ENGINE=InnoDB AUTO_INCREMENT=6 DEFAULT CHARSET=latin1;

-- Dumping data for table akuntansi.mst_tipeakun: ~5 rows (approximately)
/*!40000 ALTER TABLE `mst_tipeakun` DISABLE KEYS */;
INSERT INTO `mst_tipeakun` (`id_tipe_akun`, `kode_tipe_akun`, `nama_tipe_akun`, `keterangan`, `tgl_dibuat`, `tgl_diubah`) VALUES
	(1, '1', 'Aset', NULL, '2017-07-21 06:37:46', '2016-07-19 15:51:48'),
	(2, '2', 'Kewajiban', NULL, '2017-07-21 06:37:49', '2016-07-19 15:51:48'),
	(3, '3', 'Aset Neto', NULL, '2017-07-21 06:37:56', '2016-07-19 15:51:52'),
	(4, '4', 'Penerimaan', NULL, '2017-07-21 06:38:02', '2016-07-19 15:51:48'),
	(5, '5', 'Pengeluaran', NULL, '2017-07-21 06:38:05', '2016-07-19 15:51:48');
/*!40000 ALTER TABLE `mst_tipeakun` ENABLE KEYS */;


-- Dumping structure for table akuntansi.mst_transaksi_akun
DROP TABLE IF EXISTS `mst_transaksi_akun`;
CREATE TABLE IF NOT EXISTS `mst_transaksi_akun` (
  `id_transaksi_akun` int(11) NOT NULL AUTO_INCREMENT,
  `nama_transaksi_akun` varchar(50) NOT NULL,
  `tgl_dibuat` datetime NOT NULL,
  `tgl_diubah` datetime NOT NULL,
  `aktif` varchar(1) NOT NULL,
  PRIMARY KEY (`id_transaksi_akun`)
) ENGINE=InnoDB DEFAULT CHARSET=latin1;

-- Dumping data for table akuntansi.mst_transaksi_akun: ~0 rows (approximately)
/*!40000 ALTER TABLE `mst_transaksi_akun` DISABLE KEYS */;
/*!40000 ALTER TABLE `mst_transaksi_akun` ENABLE KEYS */;


-- Dumping structure for table akuntansi.ref_kabupaten
DROP TABLE IF EXISTS `ref_kabupaten`;
CREATE TABLE IF NOT EXISTS `ref_kabupaten` (
  `kabupaten_id` int(11) unsigned NOT NULL AUTO_INCREMENT,
  `kabupaten_prov_id` int(11) unsigned NOT NULL,
  `kabupaten_nama` varchar(100) DEFAULT NULL,
  `kabupaten_kode` varchar(10) DEFAULT NULL,
  `insert_user_id` bigint(20) DEFAULT NULL,
  `insert_timestamp` datetime DEFAULT NULL,
  `update_user_id` bigint(20) DEFAULT NULL,
  `update_timestamp` datetime DEFAULT NULL,
  `is_default` tinyint(1) DEFAULT '0',
  PRIMARY KEY (`kabupaten_id`),
  UNIQUE KEY `unique_index` (`kabupaten_prov_id`,`kabupaten_nama`)
) ENGINE=InnoDB AUTO_INCREMENT=506 DEFAULT CHARSET=latin1;

-- Dumping data for table akuntansi.ref_kabupaten: ~550 rows (approximately)
/*!40000 ALTER TABLE `ref_kabupaten` DISABLE KEYS */;
INSERT INTO `ref_kabupaten` (`kabupaten_id`, `kabupaten_prov_id`, `kabupaten_nama`, `kabupaten_kode`, `insert_user_id`, `insert_timestamp`, `update_user_id`, `update_timestamp`, `is_default`) VALUES
	(7, 1, 'Kabupaten Aceh Barat', '', 6, '2017-07-17 20:15:10', NULL, NULL, 0),
	(8, 1, 'Kabupaten Aceh Barat Daya', '', 6, '2017-07-17 20:15:10', NULL, NULL, 0),
	(9, 1, 'Kabupaten Aceh Besar', '', 6, '2017-07-17 20:15:10', NULL, NULL, 0),
	(10, 1, 'Kabupaten Aceh Jaya', '', 6, '2017-07-17 20:15:10', NULL, NULL, 0),
	(11, 1, 'Kabupaten Aceh Selatan', '', 6, '2017-07-17 20:15:10', NULL, NULL, 0),
	(12, 1, 'Kabupaten Aceh Singkil', '', 6, '2017-07-17 20:15:10', NULL, NULL, 0),
	(13, 1, 'Kabupaten Aceh Tamiang', '', 6, '2017-07-17 20:15:10', NULL, NULL, 0),
	(14, 1, 'Kabupaten Aceh Tengah', '', 6, '2017-07-17 20:15:10', NULL, NULL, 0),
	(15, 1, 'Kabupaten Aceh Tenggara', '', 6, '2017-07-17 20:15:10', NULL, NULL, 0),
	(16, 1, 'Kabupaten Aceh Timur', '', 6, '2017-07-17 20:15:10', NULL, NULL, 0),
	(17, 1, 'Kabupaten Aceh Utara', '', 6, '2017-07-17 20:15:10', NULL, NULL, 0),
	(18, 1, 'Kabupaten Bener Meriah', '', 6, '2017-07-17 20:15:10', NULL, NULL, 0),
	(19, 1, 'Kabupaten Bireuen', '', 6, '2017-07-17 20:15:10', NULL, NULL, 0),
	(20, 1, 'Kabupaten Gayo Lues', '', 6, '2017-07-17 20:15:10', NULL, NULL, 0),
	(21, 1, 'Kabupaten Nagan Raya', '', 6, '2017-07-17 20:15:10', NULL, NULL, 0),
	(22, 1, 'Kabupaten Pidie', '', 6, '2017-07-17 20:15:10', NULL, NULL, 0),
	(23, 1, 'Kabupaten Pidie Jaya', '', 6, '2017-07-17 20:15:10', NULL, NULL, 0),
	(24, 1, 'Kabupaten Simeulue', '', 6, '2017-07-17 20:15:10', NULL, NULL, 0),
	(25, 1, 'Kota Banda Aceh', '', 6, '2017-07-17 20:15:10', NULL, NULL, 0),
	(26, 1, 'Kota Langsa', '', 6, '2017-07-17 20:15:10', NULL, NULL, 0),
	(27, 1, 'Kota Lhokseumawe', '', 6, '2017-07-17 20:15:10', NULL, NULL, 0),
	(28, 1, 'Kota Sabang', '', 6, '2017-07-17 20:15:10', NULL, NULL, 0),
	(29, 1, 'Kota Subulussalam', '', 6, '2017-07-17 20:15:10', NULL, NULL, 0),
	(30, 2, 'Kabupaten Asahan', '', 6, '2017-07-17 20:15:10', NULL, NULL, 0),
	(31, 2, 'Kabupaten Batu Bara', '', 6, '2017-07-17 20:15:10', NULL, NULL, 0),
	(32, 2, 'Kabupaten Dairi', '', 6, '2017-07-17 20:15:10', NULL, NULL, 0),
	(33, 2, 'Kabupaten Deli Serdang', '', 6, '2017-07-17 20:15:10', NULL, NULL, 0),
	(34, 2, 'Kabupaten Humbang Hasundutan', '', 6, '2017-07-17 20:15:10', NULL, NULL, 0),
	(35, 2, 'Kabupaten Karo', '', 6, '2017-07-17 20:15:10', NULL, NULL, 0),
	(36, 2, 'Kabupaten Labuhanbatu', '', 6, '2017-07-17 20:15:10', NULL, NULL, 0),
	(37, 2, 'Kabupaten Labuhanbatu Selatan', '', 6, '2017-07-17 20:15:10', NULL, NULL, 0),
	(38, 2, 'Kabupaten Labuhanbatu Utara', '', 6, '2017-07-17 20:15:10', NULL, NULL, 0),
	(39, 2, 'Kabupaten Langkat', '', 6, '2017-07-17 20:15:10', NULL, NULL, 0),
	(40, 2, 'Kabupaten Mandailing Natal', '', 6, '2017-07-17 20:15:10', NULL, NULL, 0),
	(41, 2, 'Kabupaten Nias', '', 6, '2017-07-17 20:15:10', NULL, NULL, 0),
	(42, 2, 'Kabupaten Nias Barat', '', 6, '2017-07-17 20:15:10', NULL, NULL, 0),
	(43, 2, 'Kabupaten Nias Selatan', '', 6, '2017-07-17 20:15:10', NULL, NULL, 0),
	(44, 2, 'Kabupaten Nias Utara', '', 6, '2017-07-17 20:15:10', NULL, NULL, 0),
	(45, 2, 'Kabupaten Padang Lawas', '', 6, '2017-07-17 20:15:10', NULL, NULL, 0),
	(46, 2, 'Kabupaten Padang Lawas Utara', '', 6, '2017-07-17 20:15:10', NULL, NULL, 0),
	(47, 2, 'Kabupaten Pakpak Bharat', '', 6, '2017-07-17 20:15:10', NULL, NULL, 0),
	(48, 2, 'Kabupaten Samosir', '', 6, '2017-07-17 20:15:10', NULL, NULL, 0),
	(49, 2, 'Kabupaten Serdang Bedagai', '', 6, '2017-07-17 20:15:10', NULL, NULL, 0),
	(50, 2, 'Kabupaten Simalungun', '', 6, '2017-07-17 20:15:10', NULL, NULL, 0),
	(51, 2, 'Kabupaten Tapanuli Selatan', '', 6, '2017-07-17 20:15:10', NULL, NULL, 0),
	(52, 2, 'Kabupaten Tapanuli Tengah', '', 6, '2017-07-17 20:15:10', NULL, NULL, 0),
	(53, 2, 'Kabupaten Tapanuli Utara', '', 6, '2017-07-17 20:15:10', NULL, NULL, 0),
	(54, 2, 'Kabupaten Toba Samosir', '', 6, '2017-07-17 20:15:10', NULL, NULL, 0),
	(55, 2, 'Kota Binjai', '', 6, '2017-07-17 20:15:10', NULL, NULL, 0),
	(56, 2, 'Kota Gunung Sitoli', '', 6, '2017-07-17 20:15:10', NULL, NULL, 0),
	(57, 2, 'Kota Medan', '', 6, '2017-07-17 20:15:10', NULL, NULL, 0),
	(58, 2, 'Kota Padang Sidempuan', '', 6, '2017-07-17 20:15:10', NULL, NULL, 0),
	(59, 2, 'Kota Pematangsiantar', '', 6, '2017-07-17 20:15:10', NULL, NULL, 0),
	(60, 2, 'Kota Sibolga', '', 6, '2017-07-17 20:15:10', NULL, NULL, 0),
	(61, 2, 'Kota Tanjung Balai', '', 6, '2017-07-17 20:15:10', NULL, NULL, 0),
	(62, 2, 'Kota Tebing Tinggi', '', 6, '2017-07-17 20:15:10', NULL, NULL, 0),
	(63, 3, 'Kabupaten Bengkulu Selatan', '', 6, '2017-07-17 20:15:10', NULL, NULL, 0),
	(64, 3, 'Kabupaten Bengkulu Tengah', '', 6, '2017-07-17 20:15:10', NULL, NULL, 0),
	(65, 3, 'Kabupaten Bengkulu Utara', '', 6, '2017-07-17 20:15:10', NULL, NULL, 0),
	(66, 3, 'Kabupaten Benteng', '', 6, '2017-07-17 20:15:10', NULL, NULL, 0),
	(67, 3, 'Kabupaten Kaur', '', 6, '2017-07-17 20:15:10', NULL, NULL, 0),
	(68, 3, 'Kabupaten Kepahiang', '', 6, '2017-07-17 20:15:10', NULL, NULL, 0),
	(69, 3, 'Kabupaten Lebong', '', 6, '2017-07-17 20:15:10', NULL, NULL, 0),
	(70, 3, 'Kabupaten Mukomuko', '', 6, '2017-07-17 20:15:10', NULL, NULL, 0),
	(71, 3, 'Kabupaten Rejang Lebong', '', 6, '2017-07-17 20:15:10', NULL, NULL, 0),
	(72, 3, 'Kabupaten Seluma', '', 6, '2017-07-17 20:15:10', NULL, NULL, 0),
	(73, 3, 'Kota Bengkulu', '', 6, '2017-07-17 20:15:10', NULL, NULL, 0),
	(74, 4, 'Kabupaten Batang Hari', '', 6, '2017-07-17 20:15:10', NULL, NULL, 0),
	(75, 4, 'Kabupaten Bungo', '', 6, '2017-07-17 20:15:10', NULL, NULL, 0),
	(76, 4, 'Kabupaten Kerinci', '', 6, '2017-07-17 20:15:10', NULL, NULL, 0),
	(77, 4, 'Kabupaten Merangin', '', 6, '2017-07-17 20:15:10', NULL, NULL, 0),
	(78, 4, 'Kabupaten Muaro Jambi', '', 6, '2017-07-17 20:15:10', NULL, NULL, 0),
	(79, 4, 'Kabupaten Sarolangun', '', 6, '2017-07-17 20:15:10', NULL, NULL, 0),
	(80, 4, 'Kabupaten Tanjung Jabung Barat', '', 6, '2017-07-17 20:15:10', NULL, NULL, 0),
	(81, 4, 'Kabupaten Tanjung Jabung Timur', '', 6, '2017-07-17 20:15:10', NULL, NULL, 0),
	(82, 4, 'Kabupaten Tebo', '', 6, '2017-07-17 20:15:10', NULL, NULL, 0),
	(83, 4, 'Kota Jambi', '', 6, '2017-07-17 20:15:10', NULL, NULL, 0),
	(84, 4, 'Kota Sungai Penuh', '', 6, '2017-07-17 20:15:10', NULL, NULL, 0),
	(85, 5, 'Kabupaten Bengkalis', '', 6, '2017-07-17 20:15:10', NULL, NULL, 0),
	(86, 5, 'Kabupaten Indragiri Hilir', '', 6, '2017-07-17 20:15:10', NULL, NULL, 0),
	(87, 5, 'Kabupaten Indragiri Hulu', '', 6, '2017-07-17 20:15:10', NULL, NULL, 0),
	(88, 5, 'Kabupaten Kampar', '', 6, '2017-07-17 20:15:10', NULL, NULL, 0),
	(89, 5, 'Kabupaten Kuantan Singingi', '', 6, '2017-07-17 20:15:10', NULL, NULL, 0),
	(90, 5, 'Kabupaten Pelalawan', '', 6, '2017-07-17 20:15:10', NULL, NULL, 0),
	(91, 5, 'Kabupaten Rokan Hilir', '', 6, '2017-07-17 20:15:10', NULL, NULL, 0),
	(92, 5, 'Kabupaten Rokan Hulu', '', 6, '2017-07-17 20:15:10', NULL, NULL, 0),
	(93, 5, 'Kabupaten Siak', '', 6, '2017-07-17 20:15:10', NULL, NULL, 0),
	(94, 5, 'Kota Pekanbaru', '', 6, '2017-07-17 20:15:10', NULL, NULL, 0),
	(95, 5, 'Kota Dumai', '', 6, '2017-07-17 20:15:10', NULL, NULL, 0),
	(96, 5, 'Kabupaten Kepulauan Meranti', '', 6, '2017-07-17 20:15:10', NULL, NULL, 0),
	(97, 6, 'Kabupaten Agam', '', 6, '2017-07-17 20:15:10', NULL, NULL, 0),
	(98, 6, 'Kabupaten Dharmasraya', '', 6, '2017-07-17 20:15:10', NULL, NULL, 0),
	(99, 6, 'Kabupaten Kepulauan Mentawai', '', 6, '2017-07-17 20:15:10', NULL, NULL, 0),
	(100, 6, 'Kabupaten Lima Puluh Kota', '', 6, '2017-07-17 20:15:10', NULL, NULL, 0),
	(101, 6, 'Kabupaten Padang Pariaman', '', 6, '2017-07-17 20:15:10', NULL, NULL, 0),
	(102, 6, 'Kabupaten Pasaman', '', 6, '2017-07-17 20:15:10', NULL, NULL, 0),
	(103, 6, 'Kabupaten Pasaman Barat', '', 6, '2017-07-17 20:15:10', NULL, NULL, 0),
	(104, 6, 'Kabupaten Pesisir Selatan', '', 6, '2017-07-17 20:15:10', NULL, NULL, 0),
	(105, 6, 'Kabupaten Sijunjung', '', 6, '2017-07-17 20:15:10', NULL, NULL, 0),
	(106, 6, 'Kabupaten Solok', '', 6, '2017-07-17 20:15:10', NULL, NULL, 0),
	(107, 6, 'Kabupaten Solok Selatan', '', 6, '2017-07-17 20:15:10', NULL, NULL, 0),
	(108, 6, 'Kabupaten Tanah Datar', '', 6, '2017-07-17 20:15:10', NULL, NULL, 0),
	(109, 6, 'Kota Bukittinggi', '', 6, '2017-07-17 20:15:10', NULL, NULL, 0),
	(110, 6, 'Kota Padang', '', 6, '2017-07-17 20:15:10', NULL, NULL, 0),
	(111, 6, 'Kota Padangpanjang', '', 6, '2017-07-17 20:15:10', NULL, NULL, 0),
	(112, 6, 'Kota Pariaman', '', 6, '2017-07-17 20:15:10', NULL, NULL, 0),
	(113, 6, 'Kota Payakumbuh', '', 6, '2017-07-17 20:15:10', NULL, NULL, 0),
	(114, 6, 'Kota Sawahlunto', '', 6, '2017-07-17 20:15:10', NULL, NULL, 0),
	(115, 6, 'Kota Solok', '', 6, '2017-07-17 20:15:10', NULL, NULL, 0),
	(116, 7, 'Kabupaten Banyuasin', '', 6, '2017-07-17 20:15:10', NULL, NULL, 0),
	(117, 7, 'Kabupaten Empat Lawang', '', 6, '2017-07-17 20:15:10', NULL, NULL, 0),
	(118, 7, 'Kabupaten Lahat', '', 6, '2017-07-17 20:15:10', NULL, NULL, 0),
	(119, 7, 'Kabupaten Muara Enim', '', 6, '2017-07-17 20:15:10', NULL, NULL, 0),
	(120, 7, 'Kabupaten Musi Banyuasin', '', 6, '2017-07-17 20:15:10', NULL, NULL, 0),
	(121, 7, 'Kabupaten Musi Rawas', '', 6, '2017-07-17 20:15:10', NULL, NULL, 0),
	(122, 7, 'Kabupaten Ogan Ilir', '', 6, '2017-07-17 20:15:10', NULL, NULL, 0),
	(123, 7, 'Kabupaten Ogan Komering Ilir', '', 6, '2017-07-17 20:15:10', NULL, NULL, 0),
	(124, 7, 'Kabupaten Ogan Komering Ulu', '', 6, '2017-07-17 20:15:10', NULL, NULL, 0),
	(125, 7, 'Kabupaten Ogan Komering Ulu Selatan', '', 6, '2017-07-17 20:15:10', NULL, NULL, 0),
	(126, 7, 'Kabupaten Ogan Komering Ulu Timur', '', 6, '2017-07-17 20:15:10', NULL, NULL, 0),
	(127, 7, 'Kota Lubuklinggau', '', 6, '2017-07-17 20:15:10', NULL, NULL, 0),
	(128, 7, 'Kota Pagar Alam', '', 6, '2017-07-17 20:15:10', NULL, NULL, 0),
	(129, 7, 'Kota Palembang', '', 6, '2017-07-17 20:15:10', NULL, NULL, 0),
	(130, 7, 'Kota Prabumulih', '', 6, '2017-07-17 20:15:10', NULL, NULL, 0),
	(131, 8, 'Kabupaten Lampung Barat', '', 6, '2017-07-17 20:15:10', NULL, NULL, 0),
	(132, 8, 'Kabupaten Lampung Selatan', '', 6, '2017-07-17 20:15:10', NULL, NULL, 0),
	(133, 8, 'Kabupaten Lampung Tengah', '', 6, '2017-07-17 20:15:10', NULL, NULL, 0),
	(134, 8, 'Kabupaten Lampung Timur', '', 6, '2017-07-17 20:15:10', NULL, NULL, 0),
	(135, 8, 'Kabupaten Lampung Utara', '', 6, '2017-07-17 20:15:10', NULL, NULL, 0),
	(136, 8, 'Kabupaten Mesuji', '', 6, '2017-07-17 20:15:10', NULL, NULL, 0),
	(137, 8, 'Kabupaten Pesawaran', '', 6, '2017-07-17 20:15:10', NULL, NULL, 0),
	(138, 8, 'Kabupaten Pringsewu', '', 6, '2017-07-17 20:15:10', NULL, NULL, 0),
	(139, 8, 'Kabupaten Tanggamus', '', 6, '2017-07-17 20:15:10', NULL, NULL, 0),
	(140, 8, 'Kabupaten Tulang Bawang', '', 6, '2017-07-17 20:15:10', NULL, NULL, 0),
	(141, 8, 'Kabupaten Tulang Bawang Barat', '', 6, '2017-07-17 20:15:10', NULL, NULL, 0),
	(142, 8, 'Kabupaten Way Kanan', '', 6, '2017-07-17 20:15:10', NULL, NULL, 0),
	(143, 8, 'Kota Bandar Lampung', '', 6, '2017-07-17 20:15:10', NULL, NULL, 0),
	(144, 8, 'Kota Metro', '', 6, '2017-07-17 20:15:10', NULL, NULL, 0),
	(145, 9, 'Kabupaten Bangka', '', 6, '2017-07-17 20:15:10', NULL, NULL, 0),
	(146, 9, 'Kabupaten Bangka Barat', '', 6, '2017-07-17 20:15:10', NULL, NULL, 0),
	(147, 9, 'Kabupaten Bangka Selatan', '', 6, '2017-07-17 20:15:10', NULL, NULL, 0),
	(148, 9, 'Kabupaten Bangka Tengah', '', 6, '2017-07-17 20:15:10', NULL, NULL, 0),
	(149, 9, 'Kabupaten Belitung', '', 6, '2017-07-17 20:15:10', NULL, NULL, 0),
	(150, 9, 'Kabupaten Belitung Timur', '', 6, '2017-07-17 20:15:10', NULL, NULL, 0),
	(151, 9, 'Kota Pangkal Pinang', '', 6, '2017-07-17 20:15:10', NULL, NULL, 0),
	(152, 10, 'Kabupaten Bintan', '', 6, '2017-07-17 20:15:10', NULL, NULL, 0),
	(153, 10, 'Kabupaten Karimun', '', 6, '2017-07-17 20:15:10', NULL, NULL, 0),
	(154, 10, 'Kabupaten Kepulauan Anambas', '', 6, '2017-07-17 20:15:10', NULL, NULL, 0),
	(155, 10, 'Kabupaten Lingga', '', 6, '2017-07-17 20:15:10', NULL, NULL, 0),
	(156, 10, 'Kabupaten Natuna', '', 6, '2017-07-17 20:15:10', NULL, NULL, 0),
	(157, 10, 'Kota Batam', '', 6, '2017-07-17 20:15:10', NULL, NULL, 0),
	(158, 10, 'Kota Tanjung Pinang', '', 6, '2017-07-17 20:15:10', NULL, NULL, 0),
	(159, 11, 'Kabupaten Lebak', '', 6, '2017-07-17 20:15:10', NULL, NULL, 0),
	(160, 11, 'Kabupaten Pandeglang', '', 6, '2017-07-17 20:15:10', NULL, NULL, 0),
	(161, 11, 'Kabupaten Serang', '', 6, '2017-07-17 20:15:10', NULL, NULL, 0),
	(162, 11, 'Kabupaten Tangerang', '', 6, '2017-07-17 20:15:10', NULL, NULL, 0),
	(163, 11, 'Kota Cilegon', '', 6, '2017-07-17 20:15:10', NULL, NULL, 0),
	(164, 11, 'Kota Serang', '', 6, '2017-07-17 20:15:10', NULL, NULL, 0),
	(165, 11, 'Kota Tangerang', '', 6, '2017-07-17 20:15:10', NULL, NULL, 0),
	(166, 11, 'Kota Tangerang Selatan', '', 6, '2017-07-17 20:15:10', NULL, NULL, 0),
	(167, 12, 'Kabupaten Bandung', '', 6, '2017-07-17 20:15:10', NULL, NULL, 0),
	(168, 12, 'Kabupaten Bandung Barat', '', 6, '2017-07-17 20:15:10', NULL, NULL, 0),
	(169, 12, 'Kabupaten Bekasi', '', 6, '2017-07-17 20:15:10', NULL, NULL, 0),
	(170, 12, 'Kabupaten Bogor', '', 6, '2017-07-17 20:15:10', NULL, NULL, 0),
	(171, 12, 'Kabupaten Ciamis', '', 6, '2017-07-17 20:15:10', NULL, NULL, 0),
	(172, 12, 'Kabupaten Cianjur', '', 6, '2017-07-17 20:15:10', NULL, NULL, 0),
	(173, 12, 'Kabupaten Cirebon', '', 6, '2017-07-17 20:15:10', NULL, NULL, 0),
	(174, 12, 'Kabupaten Garut', '', 6, '2017-07-17 20:15:10', NULL, NULL, 0),
	(175, 12, 'Kabupaten Indramayu', '', 6, '2017-07-17 20:15:10', NULL, NULL, 0),
	(176, 12, 'Kabupaten Karawang', '', 6, '2017-07-17 20:15:10', NULL, NULL, 0),
	(177, 12, 'Kabupaten Kuningan', '', 6, '2017-07-17 20:15:10', NULL, NULL, 0),
	(178, 12, 'Kabupaten Majalengka', '', 6, '2017-07-17 20:15:10', NULL, NULL, 0),
	(179, 12, 'Kabupaten Purwakarta', '', 6, '2017-07-17 20:15:10', NULL, NULL, 0),
	(180, 12, 'Kabupaten Subang', '', 6, '2017-07-17 20:15:10', NULL, NULL, 0),
	(181, 12, 'Kabupaten Sukabumi', '', 6, '2017-07-17 20:15:10', NULL, NULL, 0),
	(182, 12, 'Kabupaten Sumedang', '', 6, '2017-07-17 20:15:10', NULL, NULL, 0),
	(183, 12, 'Kabupaten Tasikmalaya', '', 6, '2017-07-17 20:15:10', NULL, NULL, 0),
	(184, 12, 'Kota Bandung', '', 6, '2017-07-17 20:15:10', NULL, NULL, 0),
	(185, 12, 'Kota Banjar', '', 6, '2017-07-17 20:15:10', NULL, NULL, 0),
	(186, 12, 'Kota Bekasi', '', 6, '2017-07-17 20:15:10', NULL, NULL, 0),
	(187, 12, 'Kota Bogor', '', 6, '2017-07-17 20:15:10', NULL, NULL, 0),
	(188, 12, 'Kota Cimahi', '', 6, '2017-07-17 20:15:10', NULL, NULL, 0),
	(189, 12, 'Kota Cirebon', '', 6, '2017-07-17 20:15:10', NULL, NULL, 0),
	(190, 12, 'Kota Depok', '', 6, '2017-07-17 20:15:10', NULL, NULL, 0),
	(191, 12, 'Kota Sukabumi', '', 6, '2017-07-17 20:15:10', NULL, NULL, 0),
	(192, 12, 'Kota Tasikmalaya', '', 6, '2017-07-17 20:15:10', NULL, NULL, 0),
	(193, 13, 'Kabupaten Administrasi Kepulauan Seribu', '', 6, '2017-07-17 20:15:10', NULL, NULL, 0),
	(194, 13, 'Kota Administrasi Jakarta Barat', '', 6, '2017-07-17 20:15:10', NULL, NULL, 0),
	(195, 13, 'Kota Administrasi Jakarta Pusat', '', 6, '2017-07-17 20:15:10', NULL, NULL, 0),
	(196, 13, 'Kota Administrasi Jakarta Selatan', '', 6, '2017-07-17 20:15:10', NULL, NULL, 0),
	(197, 13, 'Kota Administrasi Jakarta Timur', '', 6, '2017-07-17 20:15:10', NULL, NULL, 0),
	(198, 13, 'Kota Administrasi Jakarta Utara', '', 6, '2017-07-17 20:15:10', NULL, NULL, 0),
	(199, 14, 'Kabupaten Banjarnegara', '', 6, '2017-07-17 20:15:10', NULL, NULL, 0),
	(200, 14, 'Kabupaten Banyumas', '', 6, '2017-07-17 20:15:10', NULL, NULL, 0),
	(201, 14, 'Kabupaten Batang', '', 6, '2017-07-17 20:15:10', NULL, NULL, 0),
	(202, 14, 'Kabupaten Blora', '', 6, '2017-07-17 20:15:10', NULL, NULL, 0),
	(203, 14, 'Kabupaten Boyolali', '', 6, '2017-07-17 20:15:10', NULL, NULL, 0),
	(204, 14, 'Kabupaten Brebes', '', 6, '2017-07-17 20:15:10', NULL, NULL, 0),
	(205, 14, 'Kabupaten Cilacap', '', 6, '2017-07-17 20:15:10', NULL, NULL, 0),
	(206, 14, 'Kabupaten Demak', '', 6, '2017-07-17 20:15:10', NULL, NULL, 0),
	(207, 14, 'Kabupaten Grobogan', '', 6, '2017-07-17 20:15:10', NULL, NULL, 0),
	(208, 14, 'Kabupaten Jepara', '', 6, '2017-07-17 20:15:10', NULL, NULL, 0),
	(209, 14, 'Kabupaten Karanganyar', '', 6, '2017-07-17 20:15:10', NULL, NULL, 0),
	(210, 14, 'Kabupaten Kebumen', '', 6, '2017-07-17 20:15:10', NULL, NULL, 0),
	(211, 14, 'Kabupaten Kendal', '', 6, '2017-07-17 20:15:10', NULL, NULL, 0),
	(212, 14, 'Kabupaten Klaten', '', 6, '2017-07-17 20:15:10', NULL, NULL, 0),
	(213, 14, 'Kabupaten Kudus', '', 6, '2017-07-17 20:15:10', NULL, NULL, 0),
	(214, 14, 'Kabupaten Magelang', '', 6, '2017-07-17 20:15:10', NULL, NULL, 0),
	(215, 14, 'Kabupaten Pati', '', 6, '2017-07-17 20:15:10', NULL, NULL, 0),
	(216, 14, 'Kabupaten Pekalongan', '', 6, '2017-07-17 20:15:10', NULL, NULL, 0),
	(217, 14, 'Kabupaten Pemalang', '', 6, '2017-07-17 20:15:10', NULL, NULL, 0),
	(218, 14, 'Kabupaten Purbalingga', '', 6, '2017-07-17 20:15:10', NULL, NULL, 0),
	(219, 14, 'Kabupaten Purworejo', '', 6, '2017-07-17 20:15:10', NULL, NULL, 0),
	(220, 14, 'Kabupaten Rembang', '', 6, '2017-07-17 20:15:10', NULL, NULL, 0),
	(221, 14, 'Kabupaten Semarang', '', 6, '2017-07-17 20:15:10', NULL, NULL, 0),
	(222, 14, 'Kabupaten Sragen', '', 6, '2017-07-17 20:15:10', NULL, NULL, 0),
	(223, 14, 'Kabupaten Sukoharjo', '', 6, '2017-07-17 20:15:10', NULL, NULL, 0),
	(224, 14, 'Kabupaten Tegal', '', 6, '2017-07-17 20:15:10', NULL, NULL, 0),
	(225, 14, 'Kabupaten Temanggung', '', 6, '2017-07-17 20:15:10', NULL, NULL, 0),
	(226, 14, 'Kabupaten Wonogiri', '', 6, '2017-07-17 20:15:10', NULL, NULL, 0),
	(227, 14, 'Kabupaten Wonosobo', '', 6, '2017-07-17 20:15:10', NULL, NULL, 0),
	(228, 14, 'Kota Magelang', '', 6, '2017-07-17 20:15:10', NULL, NULL, 0),
	(229, 14, 'Kota Pekalongan', '', 6, '2017-07-17 20:15:10', NULL, NULL, 0),
	(230, 14, 'Kota Salatiga', '', 6, '2017-07-17 20:15:10', NULL, NULL, 0),
	(231, 14, 'Kota Semarang', '', 6, '2017-07-17 20:15:10', NULL, NULL, 0),
	(232, 14, 'Kota Surakarta', '', 6, '2017-07-17 20:15:10', NULL, NULL, 1),
	(233, 14, 'Kota Tegal', '', 6, '2017-07-17 20:15:10', NULL, NULL, 0),
	(234, 15, 'Kabupaten Bangkalan', '', 6, '2017-07-17 20:15:10', NULL, NULL, 0),
	(235, 15, 'Kabupaten Banyuwangi', '', 6, '2017-07-17 20:15:10', NULL, NULL, 0),
	(236, 15, 'Kabupaten Blitar', '', 6, '2017-07-17 20:15:10', NULL, NULL, 0),
	(237, 15, 'Kabupaten Bojonegoro', '', 6, '2017-07-17 20:15:10', NULL, NULL, 0),
	(238, 15, 'Kabupaten Bondowoso', '', 6, '2017-07-17 20:15:10', NULL, NULL, 0),
	(239, 15, 'Kabupaten Gresik', '', 6, '2017-07-17 20:15:10', NULL, NULL, 0),
	(240, 15, 'Kabupaten Jember', '', 6, '2017-07-17 20:15:10', NULL, NULL, 0),
	(241, 15, 'Kabupaten Jombang', '', 6, '2017-07-17 20:15:10', NULL, NULL, 0),
	(242, 15, 'Kabupaten Kediri', '', 6, '2017-07-17 20:15:10', NULL, NULL, 0),
	(243, 15, 'Kabupaten Lamongan', '', 6, '2017-07-17 20:15:10', NULL, NULL, 0),
	(244, 15, 'Kabupaten Lumajang', '', 6, '2017-07-17 20:15:10', NULL, NULL, 0),
	(245, 15, 'Kabupaten Madiun', '', 6, '2017-07-17 20:15:10', NULL, NULL, 0),
	(246, 15, 'Kabupaten Magetan', '', 6, '2017-07-17 20:15:10', NULL, NULL, 0),
	(247, 15, 'Kabupaten Malang', '', 6, '2017-07-17 20:15:10', NULL, NULL, 0),
	(248, 15, 'Kabupaten Mojokerto', '', 6, '2017-07-17 20:15:10', NULL, NULL, 0),
	(249, 15, 'Kabupaten Nganjuk', '', 6, '2017-07-17 20:15:10', NULL, NULL, 0),
	(250, 15, 'Kabupaten Ngawi', '', 6, '2017-07-17 20:15:10', NULL, NULL, 0),
	(251, 15, 'Kabupaten Pacitan', '', 6, '2017-07-17 20:15:10', NULL, NULL, 0),
	(252, 15, 'Kabupaten Pamekasan', '', 6, '2017-07-17 20:15:10', NULL, NULL, 0),
	(253, 15, 'Kabupaten Pasuruan', '', 6, '2017-07-17 20:15:10', NULL, NULL, 0),
	(254, 15, 'Kabupaten Ponorogo', '', 6, '2017-07-17 20:15:10', NULL, NULL, 0),
	(255, 15, 'Kabupaten Probolinggo', '', 6, '2017-07-17 20:15:10', NULL, NULL, 0),
	(256, 15, 'Kabupaten Sampang', '', 6, '2017-07-17 20:15:10', NULL, NULL, 0),
	(257, 15, 'Kabupaten Sidoarjo', '', 6, '2017-07-17 20:15:10', NULL, NULL, 0),
	(258, 15, 'Kabupaten Situbondo', '', 6, '2017-07-17 20:15:10', NULL, NULL, 0),
	(259, 15, 'Kabupaten Sumenep', '', 6, '2017-07-17 20:15:10', NULL, NULL, 0),
	(260, 15, 'Kabupaten Trenggalek', '', 6, '2017-07-17 20:15:10', NULL, NULL, 0),
	(261, 15, 'Kabupaten Tuban', '', 6, '2017-07-17 20:15:10', NULL, NULL, 0),
	(262, 15, 'Kabupaten Tulungagung', '', 6, '2017-07-17 20:15:10', NULL, NULL, 0),
	(263, 15, 'Kota Batu', '', 6, '2017-07-17 20:15:10', NULL, NULL, 0),
	(264, 15, 'Kota Blitar', '', 6, '2017-07-17 20:15:10', NULL, NULL, 0),
	(265, 15, 'Kota Kediri', '', 6, '2017-07-17 20:15:10', NULL, NULL, 0),
	(266, 15, 'Kota Madiun', '', 6, '2017-07-17 20:15:10', NULL, NULL, 0),
	(267, 15, 'Kota Malang', '', 6, '2017-07-17 20:15:10', NULL, NULL, 0),
	(268, 15, 'Kota Mojokerto', '', 6, '2017-07-17 20:15:10', NULL, NULL, 0),
	(269, 15, 'Kota Pasuruan', '', 6, '2017-07-17 20:15:10', NULL, NULL, 0),
	(270, 15, 'Kota Probolinggo', '', 6, '2017-07-17 20:15:10', NULL, NULL, 0),
	(271, 15, 'Kota Surabaya', '', 6, '2017-07-17 20:15:10', NULL, NULL, 0),
	(272, 16, 'Kabupaten Bantul', '', 6, '2017-07-17 20:15:10', NULL, NULL, 0),
	(273, 16, 'Kabupaten Gunung Kidul', '', 6, '2017-07-17 20:15:10', NULL, NULL, 0),
	(274, 16, 'Kabupaten Kulon Progo', '', 6, '2017-07-17 20:15:10', NULL, NULL, 0),
	(275, 16, 'Kabupaten Sleman', '', 6, '2017-07-17 20:15:10', NULL, NULL, 0),
	(276, 16, 'Kota Yogyakarta', '', 6, '2017-07-17 20:15:10', NULL, NULL, 0),
	(277, 17, 'Kabupaten Badung', '', 6, '2017-07-17 20:15:10', NULL, NULL, 0),
	(278, 17, 'Kabupaten Bangli', '', 6, '2017-07-17 20:15:10', NULL, NULL, 0),
	(279, 17, 'Kabupaten Buleleng', '', 6, '2017-07-17 20:15:10', NULL, NULL, 0),
	(280, 17, 'Kabupaten Gianyar', '', 6, '2017-07-17 20:15:10', NULL, NULL, 0),
	(281, 17, 'Kabupaten Jembrana', '', 6, '2017-07-17 20:15:10', NULL, NULL, 0),
	(282, 17, 'Kabupaten Karangasem', '', 6, '2017-07-17 20:15:10', NULL, NULL, 0),
	(283, 17, 'Kabupaten Klungkung', '', 6, '2017-07-17 20:15:10', NULL, NULL, 0),
	(284, 17, 'Kabupaten Tabanan', '', 6, '2017-07-17 20:15:10', NULL, NULL, 0),
	(285, 17, 'Kota Denpasar', '', 6, '2017-07-17 20:15:10', NULL, NULL, 0),
	(286, 18, 'Kabupaten Bima', '', 6, '2017-07-17 20:15:10', NULL, NULL, 0),
	(287, 18, 'Kabupaten Dompu', '', 6, '2017-07-17 20:15:10', NULL, NULL, 0),
	(288, 18, 'Kabupaten Lombok Barat', '', 6, '2017-07-17 20:15:10', NULL, NULL, 0),
	(289, 18, 'Kabupaten Lombok Tengah', '', 6, '2017-07-17 20:15:10', NULL, NULL, 0),
	(290, 18, 'Kabupaten Lombok Timur', '', 6, '2017-07-17 20:15:10', NULL, NULL, 0),
	(291, 18, 'Kabupaten Lombok Utara', '', 6, '2017-07-17 20:15:10', NULL, NULL, 0),
	(292, 18, 'Kabupaten Sumbawa', '', 6, '2017-07-17 20:15:10', NULL, NULL, 0),
	(293, 18, 'Kabupaten Sumbawa Barat', '', 6, '2017-07-17 20:15:10', NULL, NULL, 0),
	(294, 18, 'Kota Bima', '', 6, '2017-07-17 20:15:10', NULL, NULL, 0),
	(295, 18, 'Kota Mataram', '', 6, '2017-07-17 20:15:10', NULL, NULL, 0),
	(296, 19, 'Kabupaten Kupang', '', 6, '2017-07-17 20:15:10', NULL, NULL, 0),
	(297, 19, 'Kabupaten Timor Tengah Selatan', '', 6, '2017-07-17 20:15:10', NULL, NULL, 0),
	(298, 19, 'Kabupaten Timor Tengah Utara', '', 6, '2017-07-17 20:15:10', NULL, NULL, 0),
	(299, 19, 'Kabupaten Belu', '', 6, '2017-07-17 20:15:10', NULL, NULL, 0),
	(300, 19, 'Kabupaten Alor', '', 6, '2017-07-17 20:15:10', NULL, NULL, 0),
	(301, 19, 'Kabupaten Flores Timur', '', 6, '2017-07-17 20:15:10', NULL, NULL, 0),
	(302, 19, 'Kabupaten Sikka', '', 6, '2017-07-17 20:15:10', NULL, NULL, 0),
	(303, 19, 'Kabupaten Ende', '', 6, '2017-07-17 20:15:10', NULL, NULL, 0),
	(304, 19, 'Kabupaten Ngada', '', 6, '2017-07-17 20:15:10', NULL, NULL, 0),
	(305, 19, 'Kabupaten Manggarai', '', 6, '2017-07-17 20:15:10', NULL, NULL, 0),
	(306, 19, 'Kabupaten Sumba Timur', '', 6, '2017-07-17 20:15:10', NULL, NULL, 0),
	(307, 19, 'Kabupaten Sumba Barat', '', 6, '2017-07-17 20:15:10', NULL, NULL, 0),
	(308, 19, 'Kabupaten Lembata', '', 6, '2017-07-17 20:15:10', NULL, NULL, 0),
	(309, 19, 'Kabupaten Rote Ndao', '', 6, '2017-07-17 20:15:10', NULL, NULL, 0),
	(310, 19, 'Kabupaten Manggarai Barat', '', 6, '2017-07-17 20:15:10', NULL, NULL, 0),
	(311, 19, 'Kabupaten Nagekeo', '', 6, '2017-07-17 20:15:10', NULL, NULL, 0),
	(312, 19, 'Kabupaten Sumba Tengah', '', 6, '2017-07-17 20:15:10', NULL, NULL, 0),
	(313, 19, 'Kabupaten Sumba Barat Daya', '', 6, '2017-07-17 20:15:10', NULL, NULL, 0),
	(314, 19, 'Kabupaten Manggarai Timur', '', 6, '2017-07-17 20:15:10', NULL, NULL, 0),
	(315, 19, 'Kabupaten Sabu Raijua', '', 6, '2017-07-17 20:15:10', NULL, NULL, 0),
	(316, 19, 'Kota Kupang', '', 6, '2017-07-17 20:15:10', NULL, NULL, 0),
	(317, 20, 'Kabupaten Bengkayang', '', 6, '2017-07-17 20:15:10', NULL, NULL, 0),
	(318, 20, 'Kabupaten Kapuas Hulu', '', 6, '2017-07-17 20:15:10', NULL, NULL, 0),
	(319, 20, 'Kabupaten Kayong Utara', '', 6, '2017-07-17 20:15:10', NULL, NULL, 0),
	(320, 20, 'Kabupaten Ketapang', '', 6, '2017-07-17 20:15:10', NULL, NULL, 0),
	(321, 20, 'Kabupaten Kubu Raya', '', 6, '2017-07-17 20:15:10', NULL, NULL, 0),
	(322, 20, 'Kabupaten Landak', '', 6, '2017-07-17 20:15:10', NULL, NULL, 0),
	(323, 20, 'Kabupaten Melawi', '', 6, '2017-07-17 20:15:10', NULL, NULL, 0),
	(324, 20, 'Kabupaten Pontianak', '', 6, '2017-07-17 20:15:10', NULL, NULL, 0),
	(325, 20, 'Kabupaten Sambas', '', 6, '2017-07-17 20:15:10', NULL, NULL, 0),
	(326, 20, 'Kabupaten Sanggau', '', 6, '2017-07-17 20:15:10', NULL, NULL, 0),
	(327, 20, 'Kabupaten Sekadau', '', 6, '2017-07-17 20:15:10', NULL, NULL, 0),
	(328, 20, 'Kabupaten Sintang', '', 6, '2017-07-17 20:15:10', NULL, NULL, 0),
	(329, 20, 'Kota Pontianak', '', 6, '2017-07-17 20:15:10', NULL, NULL, 0),
	(330, 20, 'Kota Singkawang', '', 6, '2017-07-17 20:15:10', NULL, NULL, 0),
	(331, 21, 'Kabupaten Balangan', '', 6, '2017-07-17 20:15:10', NULL, NULL, 0),
	(332, 21, 'Kabupaten Banjar', '', 6, '2017-07-17 20:15:10', NULL, NULL, 0),
	(333, 21, 'Kabupaten Barito Kuala', '', 6, '2017-07-17 20:15:10', NULL, NULL, 0),
	(334, 21, 'Kabupaten Hulu Sungai Selatan', '', 6, '2017-07-17 20:15:10', NULL, NULL, 0),
	(335, 21, 'Kabupaten Hulu Sungai Tengah', '', 6, '2017-07-17 20:15:10', NULL, NULL, 0),
	(336, 21, 'Kabupaten Hulu Sungai Utara', '', 6, '2017-07-17 20:15:10', NULL, NULL, 0),
	(337, 21, 'Kabupaten Kotabaru', '', 6, '2017-07-17 20:15:10', NULL, NULL, 0),
	(338, 21, 'Kabupaten Tabalong', '', 6, '2017-07-17 20:15:10', NULL, NULL, 0),
	(339, 21, 'Kabupaten Tanah Bumbu', '', 6, '2017-07-17 20:15:10', NULL, NULL, 0),
	(340, 21, 'Kabupaten Tanah Laut', '', 6, '2017-07-17 20:15:10', NULL, NULL, 0),
	(341, 21, 'Kabupaten Tapin', '', 6, '2017-07-17 20:15:10', NULL, NULL, 0),
	(342, 21, 'Kota Banjarbaru', '', 6, '2017-07-17 20:15:10', NULL, NULL, 0),
	(343, 21, 'Kota Banjarmasin', '', 6, '2017-07-17 20:15:10', NULL, NULL, 0),
	(344, 22, 'Kabupaten Barito Selatan', '', 6, '2017-07-17 20:15:10', NULL, NULL, 0),
	(345, 22, 'Kabupaten Barito Timur', '', 6, '2017-07-17 20:15:10', NULL, NULL, 0),
	(346, 22, 'Kabupaten Barito Utara', '', 6, '2017-07-17 20:15:10', NULL, NULL, 0),
	(347, 22, 'Kabupaten Gunung Mas', '', 6, '2017-07-17 20:15:10', NULL, NULL, 0),
	(348, 22, 'Kabupaten Kapuas', '', 6, '2017-07-17 20:15:10', NULL, NULL, 0),
	(349, 22, 'Kabupaten Katingan', '', 6, '2017-07-17 20:15:10', NULL, NULL, 0),
	(350, 22, 'Kabupaten Kotawaringin Barat', '', 6, '2017-07-17 20:15:10', NULL, NULL, 0),
	(351, 22, 'Kabupaten Kotawaringin Timur', '', 6, '2017-07-17 20:15:10', NULL, NULL, 0),
	(352, 22, 'Kabupaten Lamandau', '', 6, '2017-07-17 20:15:10', NULL, NULL, 0),
	(353, 22, 'Kabupaten Murung Raya', '', 6, '2017-07-17 20:15:10', NULL, NULL, 0),
	(354, 22, 'Kabupaten Pulang Pisau', '', 6, '2017-07-17 20:15:10', NULL, NULL, 0),
	(355, 22, 'Kabupaten Sukamara', '', 6, '2017-07-17 20:15:10', NULL, NULL, 0),
	(356, 22, 'Kabupaten Seruyan', '', 6, '2017-07-17 20:15:10', NULL, NULL, 0),
	(357, 22, 'Kota Palangka Raya', '', 6, '2017-07-17 20:15:10', NULL, NULL, 0),
	(358, 23, 'Kabupaten Berau', '', 6, '2017-07-17 20:15:10', NULL, NULL, 0),
	(359, 23, 'Kabupaten Bulungan', '', 6, '2017-07-17 20:15:10', NULL, NULL, 0),
	(360, 23, 'Kabupaten Kutai Barat', '', 6, '2017-07-17 20:15:10', NULL, NULL, 0),
	(361, 23, 'Kabupaten Kutai Kartanegara', '', 6, '2017-07-17 20:15:10', NULL, NULL, 0),
	(362, 23, 'Kabupaten Kutai Timur', '', 6, '2017-07-17 20:15:10', NULL, NULL, 0),
	(363, 23, 'Kabupaten Malinau', '', 6, '2017-07-17 20:15:10', NULL, NULL, 0),
	(364, 23, 'Kabupaten Nunukan', '', 6, '2017-07-17 20:15:10', NULL, NULL, 0),
	(365, 23, 'Kabupaten Paser', '', 6, '2017-07-17 20:15:10', NULL, NULL, 0),
	(366, 23, 'Kabupaten Penajam Paser Utara', '', 6, '2017-07-17 20:15:10', NULL, NULL, 0),
	(367, 23, 'Kabupaten Tana Tidung', '', 6, '2017-07-17 20:15:10', NULL, NULL, 0),
	(368, 23, 'Kota Balikpapan', '', 6, '2017-07-17 20:15:10', NULL, NULL, 0),
	(369, 23, 'Kota Bontang', '', 6, '2017-07-17 20:15:10', NULL, NULL, 0),
	(370, 23, 'Kota Samarinda', '', 6, '2017-07-17 20:15:10', NULL, NULL, 0),
	(371, 23, 'Kota Tarakan', '', 6, '2017-07-17 20:15:10', NULL, NULL, 0),
	(372, 24, 'Kabupaten Boalemo', '', 6, '2017-07-17 20:15:10', NULL, NULL, 0),
	(373, 24, 'Kabupaten Bone Bolango', '', 6, '2017-07-17 20:15:10', NULL, NULL, 0),
	(374, 24, 'Kabupaten Gorontalo', '', 6, '2017-07-17 20:15:10', NULL, NULL, 0),
	(375, 24, 'Kabupaten Gorontalo Utara', '', 6, '2017-07-17 20:15:10', NULL, NULL, 0),
	(376, 24, 'Kabupaten Pohuwato', '', 6, '2017-07-17 20:15:10', NULL, NULL, 0),
	(377, 24, 'Kota Gorontalo', '', 6, '2017-07-17 20:15:10', NULL, NULL, 0),
	(378, 25, 'Kabupaten Bantaeng', '', 6, '2017-07-17 20:15:10', NULL, NULL, 0),
	(379, 25, 'Kabupaten Barru', '', 6, '2017-07-17 20:15:10', NULL, NULL, 0),
	(380, 25, 'Kabupaten Bone', '', 6, '2017-07-17 20:15:10', NULL, NULL, 0),
	(381, 25, 'Kabupaten Bulukumba', '', 6, '2017-07-17 20:15:10', NULL, NULL, 0),
	(382, 25, 'Kabupaten Enrekang', '', 6, '2017-07-17 20:15:10', NULL, NULL, 0),
	(383, 25, 'Kabupaten Gowa', '', 6, '2017-07-17 20:15:10', NULL, NULL, 0),
	(384, 25, 'Kabupaten Jeneponto', '', 6, '2017-07-17 20:15:10', NULL, NULL, 0),
	(385, 25, 'Kabupaten Kepulauan Selayar', '', 6, '2017-07-17 20:15:10', NULL, NULL, 0),
	(386, 25, 'Kabupaten Luwu', '', 6, '2017-07-17 20:15:10', NULL, NULL, 0),
	(387, 25, 'Kabupaten Luwu Timur', '', 6, '2017-07-17 20:15:10', NULL, NULL, 0),
	(388, 25, 'Kabupaten Luwu Utara', '', 6, '2017-07-17 20:15:10', NULL, NULL, 0),
	(389, 25, 'Kabupaten Maros', '', 6, '2017-07-17 20:15:10', NULL, NULL, 0),
	(390, 25, 'Kabupaten Pangkajene dan Kepulauan', '', 6, '2017-07-17 20:15:10', NULL, NULL, 0),
	(391, 25, 'Kabupaten Pinrang', '', 6, '2017-07-17 20:15:10', NULL, NULL, 0),
	(392, 25, 'Kabupaten Sidenreng Rappang', '', 6, '2017-07-17 20:15:10', NULL, NULL, 0),
	(393, 25, 'Kabupaten Sinjai', '', 6, '2017-07-17 20:15:10', NULL, NULL, 0),
	(394, 25, 'Kabupaten Soppeng', '', 6, '2017-07-17 20:15:10', NULL, NULL, 0),
	(395, 25, 'Kabupaten Takalar', '', 6, '2017-07-17 20:15:10', NULL, NULL, 0),
	(396, 25, 'Kabupaten Tana Toraja', '', 6, '2017-07-17 20:15:10', NULL, NULL, 0),
	(397, 25, 'Kabupaten Toraja Utara', '', 6, '2017-07-17 20:15:10', NULL, NULL, 0),
	(398, 25, 'Kabupaten Wajo', '', 6, '2017-07-17 20:15:10', NULL, NULL, 0),
	(399, 25, 'Kota Makassar', '', 6, '2017-07-17 20:15:10', NULL, NULL, 0),
	(400, 25, 'Kota Palopo', '', 6, '2017-07-17 20:15:10', NULL, NULL, 0),
	(401, 25, 'Kota Parepare', '', 6, '2017-07-17 20:15:10', NULL, NULL, 0),
	(402, 26, 'Kabupaten Bombana', '', 6, '2017-07-17 20:15:10', NULL, NULL, 0),
	(403, 26, 'Kabupaten Buton', '', 6, '2017-07-17 20:15:10', NULL, NULL, 0),
	(404, 26, 'Kabupaten Buton Utara', '', 6, '2017-07-17 20:15:10', NULL, NULL, 0),
	(405, 26, 'Kabupaten Kolaka', '', 6, '2017-07-17 20:15:10', NULL, NULL, 0),
	(406, 26, 'Kabupaten Kolaka Utara', '', 6, '2017-07-17 20:15:10', NULL, NULL, 0),
	(407, 26, 'Kabupaten Konawe', '', 6, '2017-07-17 20:15:10', NULL, NULL, 0),
	(408, 26, 'Kabupaten Konawe Selatan', '', 6, '2017-07-17 20:15:10', NULL, NULL, 0),
	(409, 26, 'Kabupaten Konawe Utara', '', 6, '2017-07-17 20:15:10', NULL, NULL, 0),
	(410, 26, 'Kabupaten Muna', '', 6, '2017-07-17 20:15:10', NULL, NULL, 0),
	(411, 26, 'Kabupaten Wakatobi', '', 6, '2017-07-17 20:15:10', NULL, NULL, 0),
	(412, 26, 'Kota Bau-Bau', '', 6, '2017-07-17 20:15:10', NULL, NULL, 0),
	(413, 26, 'Kota Kendari', '', 6, '2017-07-17 20:15:10', NULL, NULL, 0),
	(414, 27, 'Kabupaten Banggai', '', 6, '2017-07-17 20:15:10', NULL, NULL, 0),
	(415, 27, 'Kabupaten Banggai Kepulauan', '', 6, '2017-07-17 20:15:10', NULL, NULL, 0),
	(416, 27, 'Kabupaten Buol', '', 6, '2017-07-17 20:15:10', NULL, NULL, 0),
	(417, 27, 'Kabupaten Donggala', '', 6, '2017-07-17 20:15:10', NULL, NULL, 0),
	(418, 27, 'Kabupaten Morowali', '', 6, '2017-07-17 20:15:10', NULL, NULL, 0),
	(419, 27, 'Kabupaten Parigi Moutong', '', 6, '2017-07-17 20:15:10', NULL, NULL, 0),
	(420, 27, 'Kabupaten Poso', '', 6, '2017-07-17 20:15:10', NULL, NULL, 0),
	(421, 27, 'Kabupaten Tojo Una-Una', '', 6, '2017-07-17 20:15:10', NULL, NULL, 0),
	(422, 27, 'Kabupaten Toli-Toli', '', 6, '2017-07-17 20:15:10', NULL, NULL, 0),
	(423, 27, 'Kabupaten Sigi', '', 6, '2017-07-17 20:15:10', NULL, NULL, 0),
	(424, 27, 'Kota Palu', '', 6, '2017-07-17 20:15:10', NULL, NULL, 0),
	(425, 28, 'Kabupaten Bolaang Mongondow', '', 6, '2017-07-17 20:15:10', NULL, NULL, 0),
	(426, 28, 'Kabupaten Bolaang Mongondow Selatan', '', 6, '2017-07-17 20:15:10', NULL, NULL, 0),
	(427, 28, 'Kabupaten Bolaang Mongondow Timur', '', 6, '2017-07-17 20:15:10', NULL, NULL, 0),
	(428, 28, 'Kabupaten Bolaang Mongondow Utara', '', 6, '2017-07-17 20:15:10', NULL, NULL, 0),
	(429, 28, 'Kabupaten Kepulauan Sangihe', '', 6, '2017-07-17 20:15:10', NULL, NULL, 0),
	(430, 28, 'Kabupaten Kepulauan Siau Tagulandang Biaro', '', 6, '2017-07-17 20:15:10', NULL, NULL, 0),
	(431, 28, 'Kabupaten Kepulauan Talaud', '', 6, '2017-07-17 20:15:10', NULL, NULL, 0),
	(432, 28, 'Kabupaten Minahasa', '', 6, '2017-07-17 20:15:10', NULL, NULL, 0),
	(433, 28, 'Kabupaten Minahasa Selatan', '', 6, '2017-07-17 20:15:10', NULL, NULL, 0),
	(434, 28, 'Kabupaten Minahasa Tenggara', '', 6, '2017-07-17 20:15:10', NULL, NULL, 0),
	(435, 28, 'Kabupaten Minahasa Utara', '', 6, '2017-07-17 20:15:10', NULL, NULL, 0),
	(436, 28, 'Kota Bitung', '', 6, '2017-07-17 20:15:10', NULL, NULL, 0),
	(437, 28, 'Kota Kotamobagu', '', 6, '2017-07-17 20:15:10', NULL, NULL, 0),
	(438, 28, 'Kota Manado', '', 6, '2017-07-17 20:15:10', NULL, NULL, 0),
	(439, 28, 'Kota Tomohon', '', 6, '2017-07-17 20:15:10', NULL, NULL, 0),
	(440, 29, 'Kabupaten Majene', '', 6, '2017-07-17 20:15:10', NULL, NULL, 0),
	(441, 29, 'Kabupaten Mamasa', '', 6, '2017-07-17 20:15:10', NULL, NULL, 0),
	(442, 29, 'Kabupaten Mamuju', '', 6, '2017-07-17 20:15:10', NULL, NULL, 0),
	(443, 29, 'Kabupaten Mamuju Utara', '', 6, '2017-07-17 20:15:10', NULL, NULL, 0),
	(444, 29, 'Kabupaten Polewali Mandar', '', 6, '2017-07-17 20:15:10', NULL, NULL, 0),
	(445, 30, 'Kabupaten Buru', '', 6, '2017-07-17 20:15:10', NULL, NULL, 0),
	(446, 30, 'Kabupaten Buru Selatan', '', 6, '2017-07-17 20:15:10', NULL, NULL, 0),
	(447, 30, 'Kabupaten Kepulauan Aru', '', 6, '2017-07-17 20:15:10', NULL, NULL, 0),
	(448, 30, 'Kabupaten Maluku Barat Daya', '', 6, '2017-07-17 20:15:10', NULL, NULL, 0),
	(449, 30, 'Kabupaten Maluku Tengah', '', 6, '2017-07-17 20:15:10', NULL, NULL, 0),
	(450, 30, 'Kabupaten Maluku Tenggara', '', 6, '2017-07-17 20:15:10', NULL, NULL, 0),
	(451, 30, 'Kabupaten Maluku Tenggara Barat', '', 6, '2017-07-17 20:15:10', NULL, NULL, 0),
	(452, 30, 'Kabupaten Seram Bagian Barat', '', 6, '2017-07-17 20:15:10', NULL, NULL, 0),
	(453, 30, 'Kabupaten Seram Bagian Timur', '', 6, '2017-07-17 20:15:10', NULL, NULL, 0),
	(454, 30, 'Kota Ambon', '', 6, '2017-07-17 20:15:10', NULL, NULL, 0),
	(455, 30, 'Kota Tual', '', 6, '2017-07-17 20:15:10', NULL, NULL, 0),
	(456, 31, 'Kabupaten Halmahera Barat', '', 6, '2017-07-17 20:15:10', NULL, NULL, 0),
	(457, 31, 'Kabupaten Halmahera Tengah', '', 6, '2017-07-17 20:15:10', NULL, NULL, 0),
	(458, 31, 'Kabupaten Halmahera Utara', '', 6, '2017-07-17 20:15:10', NULL, NULL, 0),
	(459, 31, 'Kabupaten Halmahera Selatan', '', 6, '2017-07-17 20:15:10', NULL, NULL, 0),
	(460, 31, 'Kabupaten Kepulauan Sula', '', 6, '2017-07-17 20:15:10', NULL, NULL, 0),
	(461, 31, 'Kabupaten Halmahera Timur', '', 6, '2017-07-17 20:15:10', NULL, NULL, 0),
	(462, 31, 'Kabupaten Pulau Morotai', '', 6, '2017-07-17 20:15:10', NULL, NULL, 0),
	(463, 31, 'Kota Ternate', '', 6, '2017-07-17 20:15:10', NULL, NULL, 0),
	(464, 31, 'Kota Tidore Kepulauan', '', 6, '2017-07-17 20:15:10', NULL, NULL, 0),
	(465, 32, 'Kabupaten Asmat', '', 6, '2017-07-17 20:15:10', NULL, NULL, 0),
	(466, 32, 'Kabupaten Biak Numfor', '', 6, '2017-07-17 20:15:10', NULL, NULL, 0),
	(467, 32, 'Kabupaten Boven Digoel', '', 6, '2017-07-17 20:15:10', NULL, NULL, 0),
	(468, 32, 'Kabupaten Deiyai', '', 6, '2017-07-17 20:15:10', NULL, NULL, 0),
	(469, 32, 'Kabupaten Dogiyai', '', 6, '2017-07-17 20:15:10', NULL, NULL, 0),
	(470, 32, 'Kabupaten Intan Jaya', '', 6, '2017-07-17 20:15:10', NULL, NULL, 0),
	(471, 32, 'Kabupaten Jayapura', '', 6, '2017-07-17 20:15:10', NULL, NULL, 0),
	(472, 32, 'Kabupaten Jayawijaya', '', 6, '2017-07-17 20:15:10', NULL, NULL, 0),
	(473, 32, 'Kabupaten Keerom', '', 6, '2017-07-17 20:15:10', NULL, NULL, 0),
	(474, 32, 'Kabupaten Kepulauan Yapen', '', 6, '2017-07-17 20:15:10', NULL, NULL, 0),
	(475, 32, 'Kabupaten Lanny Jaya', '', 6, '2017-07-17 20:15:10', NULL, NULL, 0),
	(476, 32, 'Kabupaten Mamberamo Raya', '', 6, '2017-07-17 20:15:10', NULL, NULL, 0),
	(477, 32, 'Kabupaten Mamberamo Tengah', '', 6, '2017-07-17 20:15:10', NULL, NULL, 0),
	(478, 32, 'Kabupaten Mappi', '', 6, '2017-07-17 20:15:10', NULL, NULL, 0),
	(479, 32, 'Kabupaten Merauke', '', 6, '2017-07-17 20:15:10', NULL, NULL, 0),
	(480, 32, 'Kabupaten Mimika', '', 6, '2017-07-17 20:15:10', NULL, NULL, 0),
	(481, 32, 'Kabupaten Nabire', '', 6, '2017-07-17 20:15:10', NULL, NULL, 0),
	(482, 32, 'Kabupaten Nduga', '', 6, '2017-07-17 20:15:10', NULL, NULL, 0),
	(483, 32, 'Kabupaten Paniai', '', 6, '2017-07-17 20:15:10', NULL, NULL, 0),
	(484, 32, 'Kabupaten Pegunungan Bintang', '', 6, '2017-07-17 20:15:10', NULL, NULL, 0),
	(485, 32, 'Kabupaten Puncak', '', 6, '2017-07-17 20:15:10', NULL, NULL, 0),
	(486, 32, 'Kabupaten Puncak Jaya', '', 6, '2017-07-17 20:15:10', NULL, NULL, 0),
	(487, 32, 'Kabupaten Sarmi', '', 6, '2017-07-17 20:15:10', NULL, NULL, 0),
	(488, 32, 'Kabupaten Supiori', '', 6, '2017-07-17 20:15:10', NULL, NULL, 0),
	(489, 32, 'Kabupaten Tolikara', '', 6, '2017-07-17 20:15:10', NULL, NULL, 0),
	(490, 32, 'Kabupaten Waropen', '', 6, '2017-07-17 20:15:10', NULL, NULL, 0),
	(491, 32, 'Kabupaten Yahukimo', '', 6, '2017-07-17 20:15:10', NULL, NULL, 0),
	(492, 32, 'Kabupaten Yalimo', '', 6, '2017-07-17 20:15:10', NULL, NULL, 0),
	(493, 32, 'Kota Jayapura', '', 6, '2017-07-17 20:15:10', NULL, NULL, 0),
	(494, 33, 'Kabupaten Fakfak', '', 6, '2017-07-17 20:15:10', NULL, NULL, 0),
	(495, 33, 'Kabupaten Kaimana', '', 6, '2017-07-17 20:15:10', NULL, NULL, 0),
	(496, 33, 'Kabupaten Manokwari', '', 6, '2017-07-17 20:15:10', NULL, NULL, 0),
	(497, 33, 'Kabupaten Maybrat', '', 6, '2017-07-17 20:15:10', NULL, NULL, 0),
	(498, 33, 'Kabupaten Raja Ampat', '', 6, '2017-07-17 20:15:10', NULL, NULL, 0),
	(499, 33, 'Kabupaten Sorong', '', 6, '2017-07-17 20:15:10', NULL, NULL, 0),
	(500, 33, 'Kabupaten Sorong Selatan', '', 6, '2017-07-17 20:15:10', NULL, NULL, 0),
	(501, 33, 'Kabupaten Tambrauw', '', 6, '2017-07-17 20:15:10', NULL, NULL, 0),
	(502, 33, 'Kabupaten Teluk Bintuni', '', 6, '2017-07-17 20:15:10', NULL, NULL, 0),
	(503, 33, 'Kabupaten Teluk Wondama', '', 6, '2017-07-17 20:15:10', NULL, NULL, 0),
	(504, 33, 'Kota Sorong', '', 6, '2017-07-17 20:15:10', NULL, NULL, 0),
	(505, 9, 'Kabupaten Pangkal Pinang', '', 147, '2017-07-17 20:15:10', NULL, NULL, 0);
/*!40000 ALTER TABLE `ref_kabupaten` ENABLE KEYS */;


-- Dumping structure for table akuntansi.ref_provinsi
DROP TABLE IF EXISTS `ref_provinsi`;
CREATE TABLE IF NOT EXISTS `ref_provinsi` (
  `prov_id` int(11) unsigned NOT NULL AUTO_INCREMENT,
  `prov_nama` varchar(100) DEFAULT NULL,
  `prov_kode` varchar(10) DEFAULT NULL,
  `insert_user_id` bigint(20) DEFAULT NULL,
  `insert_timestamp` datetime DEFAULT NULL,
  `update_user_id` bigint(20) DEFAULT NULL,
  `update_timestamp` datetime DEFAULT NULL,
  `is_default` tinyint(1) DEFAULT '0',
  PRIMARY KEY (`prov_id`),
  UNIQUE KEY `prop_name` (`prov_nama`)
) ENGINE=InnoDB AUTO_INCREMENT=34 DEFAULT CHARSET=latin1;

-- Dumping data for table akuntansi.ref_provinsi: ~33 rows (approximately)
/*!40000 ALTER TABLE `ref_provinsi` DISABLE KEYS */;
INSERT INTO `ref_provinsi` (`prov_id`, `prov_nama`, `prov_kode`, `insert_user_id`, `insert_timestamp`, `update_user_id`, `update_timestamp`, `is_default`) VALUES
	(1, 'Aceh', '', 1, '2017-07-17 20:10:20', NULL, NULL, 0),
	(2, 'Sumatera Utara', '', 1, '2017-07-17 20:10:20', NULL, NULL, 0),
	(3, 'Bengkulu', '', 1, '2017-07-17 20:10:20', NULL, NULL, 0),
	(4, 'Jambi', '', 1, '2017-07-17 20:10:20', NULL, NULL, 0),
	(5, 'Riau', '', 1, '2017-07-17 20:10:20', NULL, NULL, 0),
	(6, 'Sumatera Barat', '', 1, '2017-07-17 20:10:20', NULL, NULL, 0),
	(7, 'Sumatera Selatan', '', 1, '2017-07-17 20:10:20', NULL, NULL, 0),
	(8, 'Lampung', '', 1, '2017-07-17 20:10:20', NULL, NULL, 0),
	(9, 'Kepulauan Bangka Belitung', '', 1, '2017-07-17 20:10:20', NULL, NULL, 0),
	(10, 'Kepulauan Riau', '', 1, '2017-07-17 20:10:20', NULL, NULL, 0),
	(11, 'Banten', '', 1, '2017-07-17 20:10:20', NULL, NULL, 0),
	(12, 'Jawa Barat', '', 1, '2017-07-17 20:10:20', NULL, NULL, 0),
	(13, 'DKI Jakarta', '', 1, '2017-07-17 20:10:20', NULL, NULL, 0),
	(14, 'Jawa Tengah', '', 1, '2017-07-17 20:10:20', NULL, NULL, 1),
	(15, 'Jawa Timur', '', 1, '2017-07-17 20:10:20', NULL, NULL, 0),
	(16, 'Daerah Istimewa Yogyakarta', '', 1, '2017-07-17 20:10:20', NULL, NULL, 0),
	(17, 'Bali', '', 1, '2017-07-17 20:10:20', NULL, NULL, 0),
	(18, 'Nusa Tenggara Barat', '', 1, '2017-07-17 20:10:20', NULL, NULL, 0),
	(19, 'Nusa Tenggara Timur', '', 1, '2017-07-17 20:10:20', NULL, NULL, 0),
	(20, 'Kalimantan Barat', '', 1, '2017-07-17 20:10:20', NULL, NULL, 0),
	(21, 'Kalimantan Selatan', '', 1, '2017-07-17 20:10:20', NULL, NULL, 0),
	(22, 'Kalimantan Tengah', '', 1, '2017-07-17 20:10:20', NULL, NULL, 0),
	(23, 'Kalimantan Timur', '', 1, '2017-07-17 20:10:20', NULL, NULL, 0),
	(24, 'Gorontalo', '', 1, '2017-07-17 20:10:20', NULL, NULL, 0),
	(25, 'Sulawesi Selatan', '', 1, '2017-07-17 20:10:20', NULL, NULL, 0),
	(26, 'Sulawesi Tenggara', '', 1, '2017-07-17 20:10:20', NULL, NULL, 0),
	(27, 'Sulawesi Tengah', '', 1, '2017-07-17 20:10:20', NULL, NULL, 0),
	(28, 'Sulawesi Utara', '', 1, '2017-07-17 20:10:20', NULL, NULL, 0),
	(29, 'Sulawesi Barat', '', 1, '2017-07-17 20:10:20', NULL, NULL, 0),
	(30, 'Maluku', '', 1, '2017-07-17 20:10:20', NULL, NULL, 0),
	(31, 'Maluku Utara', '', 1, '2017-07-17 20:10:20', NULL, NULL, 0),
	(32, 'Papua', '', 1, '2017-07-17 20:10:20', NULL, NULL, 0),
	(33, 'Papua Barat', '', 1, '2017-07-17 20:10:20', NULL, NULL, 0);
/*!40000 ALTER TABLE `ref_provinsi` ENABLE KEYS */;


-- Dumping structure for table akuntansi.sub_menu
DROP TABLE IF EXISTS `sub_menu`;
CREATE TABLE IF NOT EXISTS `sub_menu` (
  `id` int(11) NOT NULL AUTO_INCREMENT,
  `nama_sub_menu` int(50) NOT NULL,
  `isi` text NOT NULL,
  `status` int(11) NOT NULL,
  PRIMARY KEY (`id`)
) ENGINE=MyISAM DEFAULT CHARSET=latin1;

-- Dumping data for table akuntansi.sub_menu: 0 rows
/*!40000 ALTER TABLE `sub_menu` DISABLE KEYS */;
/*!40000 ALTER TABLE `sub_menu` ENABLE KEYS */;


-- Dumping structure for table akuntansi.tabel_log
DROP TABLE IF EXISTS `tabel_log`;
CREATE TABLE IF NOT EXISTS `tabel_log` (
  `log_id` int(11) NOT NULL AUTO_INCREMENT,
  `log_time` timestamp NULL DEFAULT CURRENT_TIMESTAMP ON UPDATE CURRENT_TIMESTAMP,
  `log_user` varchar(255) DEFAULT NULL,
  `log_tipe` varchar(50) DEFAULT NULL,
  `log_desc` varchar(255) DEFAULT NULL,
  PRIMARY KEY (`log_id`)
) ENGINE=InnoDB AUTO_INCREMENT=440 DEFAULT CHARSET=latin1;

-- Dumping data for table akuntansi.tabel_log: ~678 rows (approximately)
/*!40000 ALTER TABLE `tabel_log` DISABLE KEYS */;
INSERT INTO `tabel_log` (`log_id`, `log_time`, `log_user`, `log_tipe`, `log_desc`) VALUES
	(1, '2017-09-10 02:06:27', 'Roy Buana', '0', 'User Login'),
	(2, '2017-09-10 02:09:47', 'Nanang', '0', 'User Login'),
	(3, '2017-09-10 02:10:00', 'Nanang', '1', 'User Logout'),
	(4, '2017-09-10 02:10:19', 'Roy Buana', '0', 'User Login'),
	(5, '2017-09-10 02:18:36', 'Roy Buana', '1', 'User Logout'),
	(6, '2017-09-10 02:18:42', 'Nanang', '0', 'User Login'),
	(7, '2017-09-10 02:24:59', 'Roy Buana', '0', 'User Login'),
	(8, '2017-09-11 06:38:45', 'Roy Buana', '0', 'User Login'),
	(9, '2017-09-11 06:58:37', 'Roy Buana', '0', 'User Login'),
	(10, '2017-09-11 21:36:13', 'Roy Buana', '0', 'User Login'),
	(11, '2017-09-11 21:46:54', 'Pemohon', '0', 'User Login'),
	(12, '2017-09-11 21:46:55', 'Pemohon', '0', 'User Login'),
	(13, '2017-09-11 23:12:26', 'Pemohon', '0', 'User Login'),
	(14, '2017-09-11 23:19:34', 'Roy Buana', '0', 'User Login'),
	(15, '2017-09-12 15:31:11', 'Roy Buana', '0', 'User Login'),
	(16, '2017-09-12 18:50:37', 'Roy Buana', '0', 'User Login'),
	(17, '2017-09-12 19:17:18', 'Roy Buana', '2', 'Menambah jurnal dengan id = 135'),
	(18, '2017-09-12 19:18:04', 'Roy Buana', 'Delete', 'Menghapus jurnal 132'),
	(19, '2017-09-12 19:24:03', 'Roy Buana', 'Delete', 'Menghapus jurnal 133'),
	(20, '2017-09-12 19:24:14', 'Roy Buana', 'Delete', 'Menghapus jurnal 131'),
	(21, '2017-09-12 19:29:22', 'Nanang', '0', 'User Login'),
	(22, '2017-09-12 19:30:04', 'Nanang', 'Delete', 'Menghapus jurnal 135'),
	(23, '2017-09-12 19:30:19', 'Nanang', 'Delete', 'Menghapus jurnal 134'),
	(24, '2017-09-12 19:51:52', 'Roy Buana', '0', 'User Login'),
	(25, '2017-09-12 19:56:24', 'Roy Buana', '0', 'User Login'),
	(26, '2017-09-12 20:37:40', 'Nanang', '0', 'User Login'),
	(27, '2017-09-12 23:38:49', 'Pemohon', '0', 'User Login'),
	(28, '2017-09-12 23:47:46', 'Pemohon', '1', 'User Logout'),
	(29, '2017-09-12 23:47:59', 'Nanang', '0', 'User Login'),
	(30, '2017-09-13 02:02:43', 'Nanang', '0', 'User Login'),
	(31, '2017-09-13 02:02:45', 'Nanang', '0', 'User Login'),
	(32, '2017-09-13 11:19:51', 'Roy Buana', '0', 'User Login'),
	(33, '2017-09-13 13:41:00', 'Nanang', '0', 'User Login'),
	(34, '2017-09-13 14:07:44', 'Nanang', '2', 'Menambah Akun dengan induk 5110'),
	(35, '2017-09-13 14:00:11', 'Roy Buana', '0', 'User Login'),
	(36, '2017-09-13 15:19:10', 'Nanang', '0', 'User Login'),
	(37, '2017-09-13 15:50:59', 'Pemohon', '0', 'User Login'),
	(38, '2017-09-13 15:56:54', 'Pemohon', '1', 'User Logout'),
	(39, '2017-09-13 15:57:02', 'Nanang', '0', 'User Login'),
	(40, '2017-09-13 16:02:29', 'Nanang', '1', 'User Logout'),
	(41, '2017-09-13 16:02:49', 'Pemohon', '0', 'User Login'),
	(42, '2017-09-13 16:18:00', 'Roy Buana', '0', 'User Login'),
	(43, '2017-09-13 17:40:22', 'Roy Buana', '0', 'User Login'),
	(44, '2017-09-13 17:40:24', 'Roy Buana', '0', 'User Login'),
	(45, '2017-09-13 17:56:24', 'Roy Buana', '0', 'User Login'),
	(46, '2017-09-13 18:26:09', 'Roy Buana', '0', 'User Login'),
	(47, '2017-09-13 19:52:17', 'Roy Buana', '1', 'User Logout'),
	(48, '2017-09-14 00:04:37', 'Roy Buana', '0', 'User Login'),
	(49, '2017-09-14 00:36:08', 'Roy Buana', '0', 'User Login'),
	(50, '2017-09-14 21:06:20', 'Nanang', '0', 'User Login'),
	(51, '2017-09-15 02:22:25', NULL, '1', 'User Logout'),
	(52, '2017-09-15 02:24:45', 'Nanang', '0', 'User Login'),
	(53, '2017-09-15 02:24:53', 'Nanang', 'Web Services', 'Menggunakan Web Services'),
	(54, '2017-09-15 03:47:14', 'Nanang', 'Web Services', 'Menggunakan Web Services'),
	(55, '2017-09-15 03:48:31', 'Nanang', 'Web Services', 'Menggunakan Web Services'),
	(56, '2017-09-15 03:49:16', 'Nanang', 'Web Services', 'Menggunakan Web Services'),
	(57, '2017-09-15 03:53:32', 'Nanang', 'Web Services', 'Menggunakan Web Services'),
	(58, '2017-09-15 03:53:57', 'Nanang', 'Web Services', 'Menggunakan Web Services'),
	(59, '2017-09-15 04:27:18', 'Nanang', 'Web Services', 'Menggunakan Web Services'),
	(60, '2017-09-15 04:29:29', 'Nanang', 'Web Services', 'Menggunakan Web Services'),
	(61, '2017-09-15 04:30:42', 'Nanang', 'Web Services', 'Menggunakan Web Services'),
	(62, '2017-09-15 04:32:27', 'Nanang', 'Web Services', 'Menggunakan Web Services'),
	(63, '2017-09-15 04:34:49', 'Nanang', '1', 'User Logout'),
	(64, '2017-09-15 04:35:01', 'Pemohon', '0', 'User Login'),
	(65, '2017-09-15 04:35:22', 'Pemohon', 'Web Services', 'Menggunakan Web Services'),
	(66, '2017-09-15 04:45:46', 'Nanang', '0', 'User Login'),
	(67, '2017-09-15 04:59:52', 'Nanang', 'Web Services', 'Menggunakan Web Services'),
	(68, '2017-09-15 05:00:00', 'Nanang', '1', 'User Logout'),
	(69, '2017-09-15 05:00:13', 'Pemohon', '0', 'User Login'),
	(70, '2017-09-15 05:00:23', 'Pemohon', 'Web Services', 'Menggunakan Web Services'),
	(71, '2017-09-15 05:00:30', 'Pemohon', '1', 'User Logout'),
	(72, '2017-09-16 08:52:55', 'Roy Buana', '0', 'User Login'),
	(73, '2017-09-16 09:00:43', 'Roy Buana', '2', 'Menambah Akun dengan induk 51104'),
	(74, '2017-09-16 09:06:01', 'Roy Buana', '2', 'Menambah Akun dengan induk 511040'),
	(75, '2017-09-16 09:07:42', 'Roy Buana', '2', 'Menambah Akun dengan induk 511040'),
	(76, '2017-09-16 09:10:33', 'Roy Buana', '2', 'Menambah Akun dengan induk 511040'),
	(77, '2017-09-16 09:11:52', 'Roy Buana', '2', 'Menambah Akun dengan induk 511040'),
	(78, '2017-09-16 09:13:07', 'Roy Buana', '2', 'Menambah Akun dengan induk 511040'),
	(79, '2017-09-16 09:15:01', 'Roy Buana', '2', 'Menambah Akun dengan induk 511040'),
	(80, '2017-09-16 09:16:32', 'Roy Buana', '2', 'Menambah Akun dengan induk 511040'),
	(81, '2017-09-16 09:17:40', 'Roy Buana', '2', 'Menambah Akun dengan induk 511040'),
	(82, '2017-09-16 09:18:52', 'Roy Buana', '2', 'Menambah Akun dengan induk 511040'),
	(83, '2017-09-16 09:19:54', 'Roy Buana', '2', 'Menambah Akun dengan induk 511040'),
	(84, '2017-09-16 09:21:21', 'Roy Buana', '2', 'Menambah Akun dengan induk 511040'),
	(85, '2017-09-16 09:22:37', 'Roy Buana', '2', 'Menambah Akun dengan induk 5110'),
	(86, '2017-09-16 09:23:50', 'Roy Buana', '2', 'Menambah Akun dengan induk 51105'),
	(87, '2017-09-16 09:25:25', 'Roy Buana', '2', 'Menambah Akun dengan induk 511050'),
	(88, '2017-09-16 09:26:40', 'Roy Buana', '2', 'Menambah Akun dengan induk 511050'),
	(89, '2017-09-16 09:27:53', 'Roy Buana', '2', 'Menambah Akun dengan induk 511050'),
	(90, '2017-09-16 09:39:19', 'Roy Buana', '2', 'Menambah Akun dengan induk 511050'),
	(91, '2017-09-16 09:43:27', 'Roy Buana', '2', 'Menambah Akun dengan induk 511050'),
	(92, '2017-09-16 09:44:28', 'Roy Buana', '2', 'Menambah Akun dengan induk 511050'),
	(93, '2017-09-16 09:45:44', 'Roy Buana', '2', 'Menambah Akun dengan induk 511050'),
	(94, '2017-09-16 09:47:03', 'Roy Buana', '2', 'Menambah Akun dengan induk 51105'),
	(95, '2017-09-16 09:48:21', 'Roy Buana', '2', 'Menambah Akun dengan induk 511051'),
	(96, '2017-09-16 09:50:32', 'Roy Buana', '2', 'Menambah Akun dengan induk 511051'),
	(97, '2017-09-16 09:53:33', 'Roy Buana', '2', 'Menambah Akun dengan induk 511051'),
	(98, '2017-09-16 09:55:24', 'Roy Buana', '2', 'Menambah Akun dengan induk 511051'),
	(99, '2017-09-16 09:56:29', 'Roy Buana', '2', 'Menambah Akun dengan induk 511051'),
	(100, '2017-09-16 09:58:10', 'Roy Buana', '2', 'Menambah Akun dengan induk 511051'),
	(101, '2017-09-16 10:00:04', 'Roy Buana', '2', 'Menambah Akun dengan induk 511051'),
	(102, '2017-09-16 10:05:49', 'Roy Buana', '2', 'Menambah Akun dengan induk 5110'),
	(103, '2017-09-16 17:29:26', 'Nanang', '0', 'User Login'),
	(104, '2017-09-16 17:36:06', 'Nanang', 'Web Services', 'Menggunakan Web Services'),
	(105, '2017-09-16 17:45:31', 'Nanang', '0', 'User Login'),
	(106, '2017-09-16 19:59:54', 'Nanang', 'Web Services', 'Menggunakan Web Services'),
	(107, '2017-09-16 20:04:32', 'Nanang', 'Web Services', 'Menggunakan Web Services'),
	(108, '2017-09-16 20:05:58', 'Nanang', 'Web Services', 'Menggunakan Web Services'),
	(109, '2017-09-16 22:44:47', NULL, 'Web Services', 'Menggunakan Web Services'),
	(110, '2017-09-16 22:45:12', 'Nanang', '0', 'User Login'),
	(111, '2017-09-16 22:45:21', 'Nanang', 'Web Services', 'Menggunakan Web Services'),
	(112, '2017-09-16 22:51:17', 'Nanang', 'Web Services', 'Menggunakan Web Services'),
	(113, '2017-09-16 23:02:10', 'Nanang', 'Web Services', 'Menggunakan Web Services'),
	(114, '2017-09-16 23:06:59', 'Nanang', 'Web Services', 'Menggunakan Web Services'),
	(115, '2017-09-16 23:31:55', 'Nanang', 'Web Services', 'Menggunakan Web Services'),
	(116, '2017-09-16 23:37:56', 'Nanang', 'Web Services', 'Menggunakan Web Services'),
	(117, '2017-09-17 00:22:05', NULL, 'Web Services', 'Menggunakan Web Services'),
	(118, '2017-09-17 00:49:48', 'Nanang', '0', 'User Login'),
	(119, '2017-09-17 03:28:58', 'Nanang', '0', 'User Login'),
	(120, '2017-09-17 03:51:50', 'Nanang', 'Web Services', 'Menggunakan Web Services'),
	(121, '2017-09-17 03:53:31', 'Nanang', 'Web Services', 'Menggunakan Web Services'),
	(122, '2017-09-17 03:55:35', 'Nanang', 'Web Services', 'Menggunakan Web Services'),
	(123, '2017-09-17 03:57:50', 'Nanang', 'Web Services', 'Menggunakan Web Services'),
	(124, '2017-09-17 17:58:15', 'Nanang', '0', 'User Login'),
	(125, '2017-09-17 18:28:00', 'Nanang', 'Web Services', 'Menggunakan Web Services'),
	(126, '2017-09-17 18:29:19', 'Nanang', 'Web Services', 'Menggunakan Web Services'),
	(127, '2017-09-17 18:36:26', 'Nanang', 'Web Services', 'Menggunakan Web Services'),
	(128, '2017-09-17 18:54:38', 'Nanang', '0', 'User Login'),
	(129, '2017-09-17 19:16:02', 'Nanang', '0', 'User Login'),
	(130, '2017-09-17 19:30:01', 'Nanang', '2', 'Menghapus jurnal untuk edit, id = id_jurnal =  (select id_jurnal from trs_jurnal where kode_unik = \'2yk2uuvq3nu\') '),
	(131, '2017-09-17 19:30:01', 'Nanang', '2', 'Menambah jurnal dengan id = 123'),
	(132, '2017-09-18 01:07:25', 'Nanang', '0', 'User Login'),
	(133, '2017-09-18 01:19:00', 'Nanang', '2', 'Menghapus jurnal untuk edit, id = id_jurnal =  (select id_jurnal from trs_jurnal where kode_unik = \'3fzz28vhce23\') '),
	(134, '2017-09-18 01:19:00', 'Nanang', '2', 'Menambah jurnal dengan id = 128'),
	(135, '2017-09-18 01:19:09', 'Nanang', 'Web Services', 'Menggunakan Web Services'),
	(136, '2017-09-18 01:27:41', 'Nanang', '2', 'Menghapus jurnal untuk edit, id = id_jurnal =  (select id_jurnal from trs_jurnal where kode_unik = \'3fzz28vhce23\') '),
	(137, '2017-09-18 01:27:41', 'Nanang', '2', 'Menambah jurnal dengan id = 128'),
	(138, '2017-09-18 01:27:47', 'Nanang', 'Web Services', 'Menggunakan Web Services'),
	(139, '2017-09-18 01:30:04', 'Nanang', '0', 'User Login'),
	(140, '2017-09-18 01:44:16', 'Nanang', '2', 'Menghapus jurnal untuk edit, id = id_jurnal =  (select id_jurnal from trs_jurnal where kode_unik = \'3fzz28vhce23\') '),
	(141, '2017-09-18 01:44:16', 'Nanang', '2', 'Menambah jurnal dengan id = 128'),
	(142, '2017-09-18 01:44:28', 'Nanang', '2', 'Menghapus jurnal untuk edit, id = id_jurnal =  (select id_jurnal from trs_jurnal where kode_unik = \'3fzz28vhce23\') '),
	(143, '2017-09-18 01:44:28', 'Nanang', '2', 'Menambah jurnal dengan id = 128'),
	(144, '2017-09-18 01:44:42', 'Nanang', 'Web Services', 'Menggunakan Web Services'),
	(145, '2017-09-18 01:49:06', 'Nanang', 'Web Services', 'Menggunakan Web Services'),
	(146, '2017-09-18 01:50:44', 'Nanang', '2', 'Menghapus jurnal untuk edit, id = id_jurnal =  (select id_jurnal from trs_jurnal where kode_unik = \'3fzz28vhce23\') '),
	(147, '2017-09-18 01:50:44', 'Nanang', '2', 'Menambah jurnal dengan id = 128'),
	(148, '2017-09-18 01:51:26', 'Nanang', 'Web Services', 'Menggunakan Web Services'),
	(149, '2017-09-18 01:58:11', 'Nanang', '2', 'Menghapus jurnal untuk edit, id = id_jurnal =  (select id_jurnal from trs_jurnal where kode_unik = \'2yk2uuvq3nu\') '),
	(150, '2017-09-18 01:58:11', 'Nanang', '2', 'Menambah jurnal dengan id = 123'),
	(151, '2017-09-18 01:58:25', 'Nanang', 'Web Services', 'Menggunakan Web Services'),
	(152, '2017-09-18 09:54:55', 'Roy Buana', '0', 'User Login'),
	(153, '2017-09-18 10:00:38', 'Roy Buana', '2', 'Menambah Akun dengan induk 51106'),
	(154, '2017-09-18 10:01:57', 'Roy Buana', '2', 'Menambah Akun dengan induk 511060'),
	(155, '2017-09-18 10:03:04', 'Roy Buana', '2', 'Menambah Akun dengan induk 511060'),
	(156, '2017-09-18 10:04:33', 'Roy Buana', '2', 'Menambah Akun dengan induk 511060'),
	(157, '2017-09-18 10:05:41', 'Roy Buana', '2', 'Menambah Akun dengan induk 511060'),
	(158, '2017-09-18 10:06:55', 'Roy Buana', '2', 'Menambah Akun dengan induk 511060'),
	(159, '2017-09-18 10:07:50', 'Roy Buana', '2', 'Menambah Akun dengan induk 511060'),
	(160, '2017-09-18 10:09:22', 'Roy Buana', '2', 'Menambah Akun dengan induk 511060'),
	(161, '2017-09-18 10:10:29', 'Roy Buana', '2', 'Menambah Akun dengan induk 51106'),
	(162, '2017-09-18 10:19:39', 'Roy Buana', '2', 'Menambah Akun dengan induk 511061'),
	(163, '2017-09-18 10:20:43', 'Roy Buana', '2', 'Menambah Akun dengan induk 511061'),
	(164, '2017-09-18 10:24:15', 'Roy Buana', '2', 'Menambah Akun dengan induk 511061'),
	(165, '2017-09-18 10:25:51', 'Roy Buana', '2', 'Menambah Akun dengan induk 511061'),
	(166, '2017-09-18 10:26:43', 'Roy Buana', '2', 'Menambah Akun dengan induk 511061'),
	(167, '2017-09-18 10:27:47', 'Roy Buana', '2', 'Menambah Akun dengan induk 511061'),
	(168, '2017-09-18 10:28:51', 'Roy Buana', '2', 'Menambah Akun dengan induk 511061'),
	(169, '2017-09-18 10:30:06', 'Roy Buana', '2', 'Menambah Akun dengan induk 51106'),
	(170, '2017-09-18 10:31:49', 'Roy Buana', '2', 'Menambah Akun dengan induk 511062'),
	(171, '2017-09-18 19:32:16', 'Nanang', '0', 'User Login'),
	(172, '2017-09-18 19:32:30', 'Nanang', '0', 'User Login'),
	(173, '2017-09-18 19:35:47', 'Nanang', '0', 'User Login'),
	(174, '2017-09-18 19:36:10', 'Nanang', '0', 'User Login'),
	(175, '2017-09-18 19:36:56', 'Nanang', 'Web Services', 'Menggunakan Web Services'),
	(176, '2017-09-19 11:34:19', 'Roy Buana', '0', 'User Login'),
	(177, '2017-09-19 15:06:10', 'Roy Buana', '0', 'User Login'),
	(178, '2017-09-20 08:36:17', 'Nanang', '0', 'User Login'),
	(179, '2017-09-20 09:06:39', 'Nanang', '0', 'User Login'),
	(180, '2017-09-20 09:07:52', 'Nanang', '0', 'User Login'),
	(181, '2017-09-20 09:17:57', 'Roy Buana', '0', 'User Login'),
	(182, '2017-09-20 09:26:35', 'Roy Buana', '2', 'Menambah Akun dengan induk 511062'),
	(183, '2017-09-20 09:27:36', 'Roy Buana', '2', 'Menambah Akun dengan induk 511062'),
	(184, '2017-09-20 09:28:47', 'Roy Buana', '2', 'Menambah Akun dengan induk 511062'),
	(185, '2017-09-20 09:29:41', 'Roy Buana', '2', 'Menambah Akun dengan induk 511062'),
	(186, '2017-09-20 09:30:35', 'Roy Buana', '2', 'Menambah Akun dengan induk 511062'),
	(187, '2017-09-20 09:31:49', 'Roy Buana', '2', 'Menambah Akun dengan induk 511062'),
	(188, '2017-09-20 09:33:12', 'Roy Buana', '2', 'Menambah Akun dengan induk 5110'),
	(189, '2017-09-20 09:36:07', 'Roy Buana', '2', 'Menambah Akun dengan induk 511'),
	(190, '2017-09-20 09:36:55', 'Roy Buana', '2', 'Menambah Akun dengan induk 511'),
	(191, '2017-09-20 09:38:16', 'Roy Buana', '2', 'Menambah Akun dengan induk 51'),
	(192, '2017-09-20 09:39:14', 'Roy Buana', '2', 'Menambah Akun dengan induk 512'),
	(193, '2017-09-20 09:43:40', 'Nanang', '0', 'User Login'),
	(194, '2017-09-20 12:39:57', 'Nanang', '0', 'User Login'),
	(195, '2017-09-20 17:07:09', 'Nanang', '0', 'User Login'),
	(196, '2017-09-21 11:31:10', 'Roy Buana', '0', 'User Login'),
	(197, '2017-09-21 12:39:10', 'Roy Buana', '2', 'Menambah Akun dengan induk 50'),
	(198, '2017-09-21 12:57:20', 'Roy Buana', '2', 'Menambah Akun dengan induk 504'),
	(199, '2017-09-21 17:23:01', 'Nanang', '0', 'User Login'),
	(200, '2017-09-21 23:17:08', 'Nanang', '0', 'User Login'),
	(201, '2017-09-21 23:57:34', 'Nanang', '0', 'User Login'),
	(202, '2017-09-22 02:51:28', 'Pemohon', '0', 'User Login'),
	(203, '2017-09-22 02:55:21', 'Pemohon', '1', 'User Logout'),
	(204, '2017-09-22 03:13:54', 'Nanang', '0', 'User Login'),
	(205, '2017-09-22 04:09:17', 'Nanang', '0', 'User Login'),
	(206, '2017-09-22 12:02:03', 'Roy Buana', '0', 'User Login'),
	(207, '2017-09-22 12:47:33', 'Nanang', '0', 'User Login'),
	(208, '2017-09-22 12:47:37', 'Roy Buana', '0', 'User Login'),
	(209, '2017-09-23 05:34:49', 'Roy Buana', '0', 'User Login'),
	(210, '2017-09-24 16:24:08', 'Roy Buana', '0', 'User Login'),
	(211, '2017-09-24 18:35:23', 'Pemohon', '0', 'User Login'),
	(212, '2017-09-25 09:00:21', 'Roy Buana', '0', 'User Login'),
	(213, '2017-09-25 20:26:43', 'Pemohon', '0', 'User Login'),
	(214, '2017-09-25 21:32:25', 'Pemohon', '1', 'User Logout'),
	(215, '2017-09-25 21:32:31', 'Nanang', '0', 'User Login'),
	(216, '2017-09-26 10:24:26', 'Roy Buana', '0', 'User Login'),
	(217, '2017-09-26 17:50:04', 'Nanang', '0', 'User Login'),
	(218, '2017-09-27 00:02:36', 'Nanang', '0', 'User Login'),
	(219, '2017-09-27 00:23:50', 'Nanang', '2', 'Menambah Jenjang dengan induk 1001'),
	(220, '2017-09-27 00:24:51', 'Nanang', '2', 'Menambah Jenjang dengan induk 1001'),
	(221, '2017-09-27 01:10:17', 'Nanang', '2', 'Menambah Jenjang dengan induk 10010'),
	(222, '2017-09-28 07:41:38', 'Roy Buana', '0', 'User Login'),
	(223, '2017-09-28 08:30:52', 'Roy Buana', 'Web Services', 'Menggunakan Web Services'),
	(224, '2017-09-28 09:05:26', 'Roy Buana', '0', 'User Login'),
	(225, '2017-09-28 09:05:27', 'Roy Buana', '0', 'User Login'),
	(226, '2017-09-28 16:45:51', 'Nanang', '0', 'User Login'),
	(227, '2017-09-30 13:10:33', 'Roy Buana', '0', 'User Login'),
	(228, '2017-10-01 08:48:34', 'Roy Buana', '0', 'User Login'),
	(229, '2017-10-01 11:55:02', 'Roy Buana', '0', 'User Login'),
	(230, '2017-10-02 16:41:48', 'Roy Buana', '0', 'User Login'),
	(231, '2017-10-03 22:00:55', 'Roy Buana', '0', 'User Login'),
	(232, '2017-10-04 18:42:54', 'Nanang', '0', 'User Login'),
	(233, '2017-10-04 19:02:40', 'Nanang', '2', 'Menambah Jenjang dengan induk 1'),
	(234, '2017-10-04 19:04:18', 'Nanang', '1', 'User Logout'),
	(235, '2017-10-04 19:06:03', 'Nanang', '0', 'User Login'),
	(236, '2017-10-04 22:31:12', 'Nanang', '0', 'User Login'),
	(237, '2017-10-04 22:52:44', 'Nanang', '0', 'User Login'),
	(238, '2017-10-05 01:26:41', 'Nanang', '0', 'User Login'),
	(239, '2017-10-06 16:18:14', 'Nanang', '0', 'User Login'),
	(240, '2017-10-07 10:02:10', 'Roy Buana', '0', 'User Login'),
	(241, '2017-10-07 19:21:49', 'Roy Buana', '0', 'User Login'),
	(242, '2017-10-09 06:38:42', 'Roy Buana', '0', 'User Login'),
	(243, '2017-10-09 06:39:11', 'Roy Buana', '0', 'User Login'),
	(244, '2017-10-09 22:46:35', 'Nanang', '0', 'User Login'),
	(245, '2017-10-09 22:54:54', 'Nanang', '0', 'User Login'),
	(246, '2017-10-09 22:54:54', 'Nanang', '0', 'User Login'),
	(247, '2017-10-10 11:28:07', 'Roy Buana', '0', 'User Login'),
	(248, '2017-10-10 11:28:07', 'Roy Buana', '0', 'User Login'),
	(249, '2017-10-10 20:49:38', 'Nanang', '0', 'User Login'),
	(250, '2017-10-10 20:52:50', 'Nanang', '0', 'User Login'),
	(255, '2017-10-11 09:03:52', 'Nanang', '0', 'User Login'),
	(256, '2017-10-11 09:04:56', 'Nanang', '0', 'User Login'),
	(257, '2017-10-11 16:38:56', 'Nanang', '0', 'User Login'),
	(258, '2017-10-13 10:21:21', 'Roy Buana', '0', 'User Login'),
	(259, '2017-10-14 05:13:19', 'Nanang', '0', 'User Login'),
	(260, '2017-10-15 03:57:53', 'Nanang', '0', 'User Login'),
	(261, '2017-10-15 11:06:47', 'Roy Buana', '0', 'User Login'),
	(262, '2017-10-16 11:33:27', 'Roy Buana', '0', 'User Login'),
	(263, '2017-10-17 10:25:28', 'Roy Buana', '0', 'User Login'),
	(264, '2017-10-18 01:23:27', 'Nanang', '0', 'User Login'),
	(265, '2017-10-18 01:23:27', 'Nanang', '0', 'User Login'),
	(266, '2017-10-18 02:07:45', 'Nanang', '0', 'User Login'),
	(267, '2017-10-18 03:15:00', 'Nanang', '0', 'User Login'),
	(268, '2017-10-18 05:27:41', 'Nanang', '0', 'User Login'),
	(269, '2017-10-18 05:28:39', 'Nanang', '1', 'User Logout'),
	(270, '2017-10-18 05:28:54', 'Nanang', '0', 'User Login'),
	(271, '2017-10-18 10:20:28', 'Roy Buana', '0', 'User Login'),
	(272, '2017-10-18 10:55:32', 'Roy Buana', '2', 'Menambah Akun dengan induk 102'),
	(273, '2017-10-19 10:08:50', 'Roy Buana', '0', 'User Login'),
	(274, '2017-10-19 23:40:07', 'Nanang', '0', 'User Login'),
	(275, '2017-10-19 23:44:37', 'Nanang', '0', 'User Login'),
	(276, '2017-10-20 01:51:56', 'Nanang', '0', 'User Login'),
	(277, '2017-10-20 05:07:18', 'Nanang', '0', 'User Login'),
	(278, '2017-10-20 19:09:06', 'Nanang', '0', 'User Login'),
	(279, '2017-10-21 06:35:31', 'Nanang', '0', 'User Login'),
	(280, '2017-10-21 12:07:53', 'Roy Buana', '0', 'User Login'),
	(281, '2017-10-25 11:14:44', 'Roy Buana', '0', 'User Login'),
	(282, '2017-10-25 12:07:56', 'Roy Buana', '2', 'Menambah Akun dengan induk 102'),
	(283, '2017-10-27 08:14:37', 'Nanang', '0', 'User Login'),
	(284, '2017-10-28 01:08:32', 'Nanang', '0', 'User Login'),
	(285, '2017-10-28 16:42:41', 'Nanang', '0', 'User Login'),
	(286, '2017-10-28 22:41:05', 'Nanang', '0', 'User Login'),
	(287, '2017-10-29 22:11:27', 'Nanang', '0', 'User Login'),
	(288, '2017-10-30 16:57:49', 'Nanang', '0', 'User Login'),
	(289, '2017-10-31 11:54:47', 'Roy Buana', '0', 'User Login'),
	(290, '2017-10-31 21:02:34', 'Nanang', '0', 'User Login'),
	(291, '2017-10-31 21:18:59', 'Bp. Iqbal', '0', 'User Login'),
	(292, '2017-10-31 21:19:00', 'Bp. Iqbal', '0', 'User Login'),
	(293, '2017-10-31 21:37:43', 'Nanang', '0', 'User Login'),
	(294, '2017-10-31 21:40:08', 'Nanang', '0', 'User Login'),
	(295, '2017-10-31 21:45:30', 'Bp. Iqbal', '0', 'User Login'),
	(296, '2017-10-31 21:46:09', 'Nanang', '0', 'User Login'),
	(297, '2017-10-31 23:09:54', 'Nanang', '0', 'User Login'),
	(298, '2017-11-01 15:58:26', 'Nanang', '0', 'User Login'),
	(299, '2017-11-01 17:11:40', 'Roy Buana', '0', 'User Login'),
	(300, '2017-11-01 17:22:02', 'Roy Buana', '0', 'User Login'),
	(301, '2017-11-01 17:29:05', 'Roy Buana', '0', 'User Login'),
	(302, '2017-11-01 17:36:03', 'Roy Buana', '1', 'User Logout'),
	(303, '2017-11-01 18:02:49', 'Nanang', '0', 'User Login'),
	(304, '2017-11-01 18:59:51', 'Nanang', '0', 'User Login'),
	(305, '2017-11-01 19:11:51', 'Roy Buana', '0', 'User Login'),
	(306, '2017-11-01 19:26:57', 'Roy Buana', '0', 'User Login'),
	(307, '2017-11-01 19:27:07', 'Roy Buana', '1', 'User Logout'),
	(308, '2017-11-01 21:22:32', 'Nanang', '1', 'User Logout'),
	(309, '2017-11-01 21:22:38', 'Nanang', '0', 'User Login'),
	(310, '2017-11-01 21:23:04', 'Nanang', '1', 'User Logout'),
	(311, '2017-11-01 21:24:09', 'Nanang', '0', 'User Login'),
	(312, '2017-11-01 21:25:04', 'Nanang', '1', 'User Logout'),
	(313, '2017-11-01 21:25:39', 'Nanang', '0', 'User Login'),
	(314, '2017-11-01 21:27:06', 'Nanang', '1', 'User Logout'),
	(315, '2017-11-01 21:27:22', 'Pemohon 1', '0', 'User Login'),
	(316, '2017-11-02 01:58:49', 'Nanang', '0', 'User Login'),
	(317, '2017-11-02 04:30:26', 'Nanang', '0', 'User Login'),
	(318, '2017-11-02 06:41:32', 'Roy Buana', '0', 'User Login'),
	(319, '2017-11-02 06:52:15', 'Roy Buana', '0', 'User Login'),
	(320, '2017-11-02 07:35:21', 'Nanang', '0', 'User Login'),
	(321, '2017-11-02 17:33:26', 'Nanang', '0', 'User Login'),
	(322, '2017-11-02 19:37:12', 'Nanang', '0', 'User Login'),
	(323, '2017-11-02 19:48:57', 'Nanang', '0', 'User Login'),
	(324, '2017-11-02 21:03:57', 'Nanang', '0', 'User Login'),
	(325, '2017-11-02 21:52:20', 'Nanang', '2', 'Menambah Aktifkan Periode Tutup Buku = 01-11-2017 s/d 30-11-2017'),
	(326, '2017-11-02 21:57:35', 'Nanang', '2', 'Menambah Aktifkan Periode Tutup Buku = 01-11-2017 s/d 30-11-2017'),
	(327, '2017-11-02 22:28:38', 'Nanang', '0', 'User Login'),
	(328, '2017-11-02 22:45:08', 'Nanang', '2', 'Menambah Aktifkan Periode Tutup Buku = 01-10-2017 s/d 31-10-2017'),
	(329, '2017-11-02 22:50:09', 'Nanang', '2', 'Menambah Aktifkan Periode Tutup Buku = 01-12-2017 s/d 31-12-2017'),
	(330, '2017-11-03 15:42:00', 'Nanang', '0', 'User Login'),
	(331, '2017-12-03 16:03:09', 'Nanang', '0', 'User Login'),
	(332, '2017-11-03 21:40:45', 'Nanang', '0', 'User Login'),
	(333, '2017-11-04 00:40:56', 'Nanang', '0', 'User Login'),
	(334, '2017-11-04 04:34:34', 'Nanang', '0', 'User Login'),
	(335, '2017-11-04 16:21:42', 'Nanang', '0', 'User Login'),
	(336, '2017-11-04 21:26:19', 'Nanang', '1', 'User Logout'),
	(337, '2017-11-04 21:28:42', 'Nanang', '0', 'User Login'),
	(338, '2017-11-04 21:30:59', 'Nanang', '1', 'User Logout'),
	(339, '2017-11-04 21:31:45', 'Pemohon 1', '0', 'User Login'),
	(340, '2017-11-04 21:34:12', 'Pemohon 1', '1', 'User Logout'),
	(341, '2017-11-04 21:34:15', 'Nanang', '0', 'User Login'),
	(342, '2017-11-04 21:35:04', 'Nanang', '1', 'User Logout'),
	(343, '2017-11-04 21:35:09', 'Pemohon 1', '0', 'User Login'),
	(344, '2017-11-04 21:37:26', 'Pemohon 1', '1', 'User Logout'),
	(345, '2017-11-04 21:37:31', 'Nanang', '0', 'User Login'),
	(346, '2017-11-04 21:43:57', 'Nanang', '1', 'User Logout'),
	(347, '2017-11-04 21:44:11', 'Nanang', '0', 'User Login'),
	(348, '2017-11-04 23:14:55', 'Nanang', '1', 'User Logout'),
	(349, '2017-11-04 23:14:58', 'Pemohon 1', '0', 'User Login'),
	(350, '2017-11-04 23:17:02', 'Pemohon 1', '1', 'User Logout'),
	(351, '2017-11-04 23:17:06', 'Nanang', '0', 'User Login'),
	(352, '2017-11-05 03:32:33', 'Nanang', '0', 'User Login'),
	(353, '2017-11-05 04:50:18', 'Nanang', '0', 'User Login'),
	(354, '2017-11-05 05:02:57', 'Nanang', '0', 'User Login'),
	(355, '2017-11-05 14:53:35', 'Nanang', '0', 'User Login'),
	(356, '2017-11-05 15:34:53', 'Nanang', '1', 'User Logout'),
	(357, '2017-11-05 15:34:57', 'Nanang', '0', 'User Login'),
	(358, '2017-11-05 16:30:09', 'Nanang', '2', 'Menambah Aktifkan Periode Tutup Buku = 01-01-2016 s/d 31-12-2016'),
	(359, '2017-11-05 18:34:18', 'Nanang', '1', 'User Logout'),
	(360, '2017-11-05 18:34:22', 'Nanang', '0', 'User Login'),
	(361, '2017-11-05 22:01:05', 'Nanang', '0', 'User Login'),
	(362, '2017-11-05 22:06:39', 'Nanang', '1', 'User Logout'),
	(363, '2017-11-05 22:06:42', 'Nanang', '0', 'User Login'),
	(364, '2017-11-06 04:35:44', 'Nanang', '0', 'User Login'),
	(365, '2017-11-06 15:30:32', 'Nanang', '0', 'User Login'),
	(366, '2017-11-06 17:17:38', 'Nanang', '2', 'Menambah Aktifkan Periode Tutup Buku = 01-11-2017 s/d 30-11-2017'),
	(367, '2017-11-06 17:17:44', 'Nanang', '1', 'User Logout'),
	(368, '2017-11-06 17:17:51', 'Nanang', '0', 'User Login'),
	(369, '2017-11-06 17:23:43', 'Nanang', '2', 'Menambah Penggajian dengan id = 132'),
	(370, '2017-11-06 17:24:42', 'Nanang', '2', 'Menambah Penggajian dengan id = 133'),
	(371, '2017-11-06 17:24:48', 'Nanang', '2', 'Menambah Penggajian dengan id = 134'),
	(372, '2017-11-06 17:26:31', 'Nanang', '2', 'Menambah Penggajian dengan id = 135'),
	(373, '2017-11-06 18:15:48', 'Nanang', '2', 'Menambah Penggajian dengan id = 136'),
	(374, '2017-11-06 18:43:43', 'Nanang', '0', 'User Login'),
	(375, '2017-11-06 23:47:55', 'Nanang', '0', 'User Login'),
	(376, '2017-11-07 02:40:44', 'Nanang', '0', 'User Login'),
	(377, '2017-11-07 02:43:30', 'Nanang', '2', 'Menambah Penggajian dengan id = 137'),
	(378, '2017-11-07 03:52:15', 'Nanang', '0', 'User Login'),
	(379, '2017-11-07 03:52:54', 'Nanang', '2', 'Menambah Penggajian dengan id = 138'),
	(380, '2017-11-07 21:27:59', 'Nanang', '0', 'User Login'),
	(381, '2017-11-07 22:22:29', 'Nanang', '0', 'User Login'),
	(382, '2017-11-08 05:03:02', 'Nanang', '0', 'User Login'),
	(383, '2017-11-08 15:23:02', 'Nanang', '0', 'User Login'),
	(384, '2017-11-09 11:12:30', 'Nanang', '0', 'User Login'),
	(385, '2017-11-09 20:59:37', 'Nanang', '0', 'User Login'),
	(386, '2017-11-09 21:09:54', 'Nanang', 'Web Services', 'Menggunakan Web Services'),
	(387, '2017-11-09 21:10:24', 'Nanang', 'Web Services', 'Menggunakan Web Services'),
	(388, '2017-11-10 04:08:51', 'Nanang', '0', 'User Login'),
	(389, '2017-11-10 04:09:42', 'Nanang', '1', 'User Logout'),
	(390, '2017-11-10 05:27:57', 'Nanang', '0', 'User Login'),
	(391, '2017-11-10 15:54:43', 'Nanang', '0', 'User Login'),
	(392, '2017-11-11 03:50:05', 'Nanang', '0', 'User Login'),
	(393, '2017-11-13 04:10:38', 'Nanang', '0', 'User Login'),
	(394, '2017-11-13 04:11:44', 'Nanang', '1', 'User Logout'),
	(395, '2017-11-13 04:11:48', 'Nanang', '0', 'User Login'),
	(396, '2017-11-13 04:14:58', 'Nanang', '1', 'User Logout'),
	(397, '2017-11-13 04:15:02', 'Nanang', '0', 'User Login'),
	(398, '2017-11-13 04:15:59', 'Nanang', '1', 'User Logout'),
	(399, '2017-11-13 04:16:12', 'Pemohon 1', '0', 'User Login'),
	(400, '2017-11-13 04:16:33', 'Pemohon 1', '1', 'User Logout'),
	(401, '2017-11-13 04:16:36', 'Nanang', '0', 'User Login'),
	(402, '2017-11-13 04:16:57', 'Nanang', '1', 'User Logout'),
	(403, '2017-11-13 04:17:01', 'Pemohon 1', '0', 'User Login'),
	(404, '2017-11-13 04:17:23', 'Pemohon 1', '1', 'User Logout'),
	(405, '2017-11-13 04:17:26', 'Nanang', '0', 'User Login'),
	(406, '2017-11-13 05:07:17', 'Nanang', '1', 'User Logout'),
	(407, '2017-11-13 05:07:20', 'Nanang', '0', 'User Login'),
	(408, '2017-11-13 08:11:23', 'Nanang', '0', 'User Login'),
	(409, '2017-11-13 16:25:49', 'Nanang', '0', 'User Login'),
	(410, '2017-11-13 16:41:57', 'Nanang', '1', 'User Logout'),
	(411, '2017-11-13 16:42:01', 'Nanang', '0', 'User Login'),
	(412, '2017-11-13 16:46:29', 'Pemohon 1', '0', 'User Login'),
	(413, '2017-11-13 16:51:24', 'Pemohon 1', '1', 'User Logout'),
	(414, '2017-11-13 16:51:35', 'Nanang', '0', 'User Login'),
	(415, '2017-11-13 16:51:53', 'Nanang', '1', 'User Logout'),
	(416, '2017-11-13 16:51:58', 'Pemohon 1', '0', 'User Login'),
	(417, '2017-11-13 16:57:49', 'Pemohon 1', '1', 'User Logout'),
	(418, '2017-11-13 16:57:55', 'Pemohon 1', '0', 'User Login'),
	(419, '2017-11-13 16:58:34', 'Pemohon 1', '1', 'User Logout'),
	(420, '2017-11-13 16:58:48', 'Pemohon 1', '0', 'User Login'),
	(421, '2017-11-13 16:59:04', 'Pemohon 1', '1', 'User Logout'),
	(422, '2017-11-13 16:59:08', 'Nanang', '0', 'User Login'),
	(423, '2017-11-13 16:59:35', 'Nanang', '1', 'User Logout'),
	(424, '2017-11-13 16:59:39', 'Pemohon 1', '0', 'User Login'),
	(425, '2017-11-13 17:00:26', 'Pemohon 1', '1', 'User Logout'),
	(426, '2017-11-13 17:00:31', 'Nanang', '0', 'User Login'),
	(427, '2017-11-13 17:00:53', 'Nanang', '1', 'User Logout'),
	(428, '2017-11-13 17:01:00', 'Pemohon 1', '0', 'User Login'),
	(429, '2017-11-13 17:06:20', 'Pemohon 1', '1', 'User Logout'),
	(430, '2017-11-13 17:06:24', 'Pemohon 1', '0', 'User Login'),
	(431, '2017-11-13 17:07:55', 'Pemohon 1', '1', 'User Logout'),
	(432, '2017-11-13 17:08:02', 'Nanang', '0', 'User Login'),
	(433, '2017-11-13 17:08:33', 'Nanang', '1', 'User Logout'),
	(434, '2017-11-13 17:08:54', 'Pemohon 1', '0', 'User Login'),
	(435, '2017-11-22 21:17:35', 'Nanang', '0', 'User Login'),
	(436, '2017-11-24 23:22:09', 'Nanang', '0', 'User Login'),
	(437, '2017-11-24 23:26:36', 'Nanang', 'Web Services', 'Menggunakan Web Services'),
	(438, '2018-01-28 16:26:56', 'Nanang', '0', 'User Login'),
	(439, '2018-01-29 12:11:15', 'Nanang', '0', 'User Login');
/*!40000 ALTER TABLE `tabel_log` ENABLE KEYS */;


-- Dumping structure for table akuntansi.tbl_akses_menu
DROP TABLE IF EXISTS `tbl_akses_menu`;
CREATE TABLE IF NOT EXISTS `tbl_akses_menu` (
  `id` int(11) NOT NULL AUTO_INCREMENT,
  `id_role` int(11) DEFAULT NULL,
  `id_menu` int(11) DEFAULT NULL,
  `status_akses` varchar(255) DEFAULT NULL,
  `status_delete` int(2) DEFAULT '0' COMMENT '0 Aktif / 1 Hapus',
  PRIMARY KEY (`id`) USING BTREE
) ENGINE=InnoDB AUTO_INCREMENT=83 DEFAULT CHARSET=latin1 ROW_FORMAT=DYNAMIC;

-- Dumping data for table akuntansi.tbl_akses_menu: ~82 rows (approximately)
/*!40000 ALTER TABLE `tbl_akses_menu` DISABLE KEYS */;
INSERT INTO `tbl_akses_menu` (`id`, `id_role`, `id_menu`, `status_akses`, `status_delete`) VALUES
	(1, 5, 1, 'aktif', 0),
	(2, 7, 2, 'aktif', 0),
	(3, 5, 2, 'aktif', 0),
	(4, 5, 6, 'hapus', 0),
	(5, 5, 12, 'aktif', 0),
	(6, 5, 22, 'aktif', 0),
	(7, 5, 23, 'aktif', 0),
	(8, 5, 24, 'aktif', 0),
	(9, 5, 28, 'aktif', 0),
	(10, 5, 30, 'aktif', 0),
	(11, 5, 31, 'aktif', 0),
	(12, 5, 32, 'aktif', 0),
	(13, 5, 33, 'aktif', 0),
	(14, 5, 34, 'aktif', 0),
	(15, 5, 35, 'aktif', 0),
	(16, 5, 36, 'aktif', 0),
	(17, 5, 37, 'aktif', 0),
	(18, 5, 38, 'aktif', 0),
	(19, 5, 39, 'aktif', 0),
	(20, 5, 40, 'aktif', 0),
	(21, 5, 41, 'aktif', 0),
	(22, 5, 42, 'aktif', 0),
	(23, 5, 3, 'hapus', 0),
	(24, 5, 4, 'hapus', 0),
	(25, 5, 5, 'hapus', 0),
	(26, 5, 7, 'hapus', 0),
	(27, 5, 8, 'hapus', 0),
	(28, 5, 9, 'hapus', 0),
	(29, 5, 10, 'hapus', 0),
	(30, 5, 11, 'hapus', 0),
	(31, 5, 13, 'aktif', 0),
	(32, 5, 14, 'aktif', 0),
	(33, 5, 15, 'aktif', 0),
	(34, 5, 16, 'aktif', 0),
	(35, 5, 17, 'aktif', 0),
	(36, 5, 18, 'aktif', 0),
	(37, 5, 19, 'aktif', 0),
	(38, 5, 20, 'aktif', 0),
	(39, 5, 21, 'aktif', 0),
	(40, 5, 25, 'aktif', 0),
	(41, 5, 26, 'aktif', 0),
	(42, 5, 27, 'aktif', 0),
	(43, 5, 29, 'aktif', 0),
	(44, 5, 43, 'aktif', 0),
	(45, 5, 44, 'aktif', 0),
	(46, 5, 45, 'aktif', 0),
	(47, 5, 46, 'aktif', 0),
	(48, 5, 47, 'aktif', 0),
	(49, 5, 48, 'aktif', 0),
	(50, 5, 49, 'aktif', 0),
	(51, 5, 50, 'aktif', 0),
	(52, 5, 51, 'aktif', 0),
	(53, 5, 52, 'aktif', 0),
	(54, 5, 53, 'aktif', 0),
	(55, 5, 54, 'aktif', 0),
	(56, 5, 55, 'aktif', 0),
	(57, 5, 56, 'aktif', 0),
	(58, 5, 57, 'aktif', 0),
	(59, 5, 58, 'aktif', 0),
	(60, 5, 59, 'aktif', 0),
	(61, 5, 60, 'aktif', 0),
	(62, 5, 61, 'aktif', 0),
	(63, 5, 62, 'aktif', 0),
	(64, 5, 63, 'aktif', 0),
	(65, 5, 64, 'aktif', 0),
	(66, 5, 65, 'aktif', 0),
	(67, 5, 66, 'aktif', 0),
	(68, 5, 67, 'aktif', 0),
	(69, 5, 68, 'aktif', 0),
	(70, 5, 69, 'aktif', 0),
	(71, 5, 70, 'aktif', 0),
	(72, 5, 71, 'aktif', 0),
	(73, 5, 72, 'aktif', 0),
	(74, 5, 73, 'aktif', 0),
	(75, 5, 74, 'aktif', 0),
	(76, 5, 75, 'aktif', 0),
	(77, 5, 76, 'aktif', 0),
	(78, 5, 77, 'aktif', 0),
	(79, 5, 78, 'aktif', 0),
	(80, 5, 79, 'aktif', 0),
	(81, 5, 80, 'aktif', 0),
	(82, 5, 81, 'aktif', 0);
/*!40000 ALTER TABLE `tbl_akses_menu` ENABLE KEYS */;


-- Dumping structure for table akuntansi.tbl_departemen
DROP TABLE IF EXISTS `tbl_departemen`;
CREATE TABLE IF NOT EXISTS `tbl_departemen` (
  `id` int(11) NOT NULL AUTO_INCREMENT,
  `nama_departemen` varchar(50) NOT NULL,
  `penanggung_jawab` varchar(50) NOT NULL,
  `keterangan` varchar(250) NOT NULL,
  PRIMARY KEY (`id`)
) ENGINE=InnoDB AUTO_INCREMENT=4 DEFAULT CHARSET=latin1;

-- Dumping data for table akuntansi.tbl_departemen: ~3 rows (approximately)
/*!40000 ALTER TABLE `tbl_departemen` DISABLE KEYS */;
INSERT INTO `tbl_departemen` (`id`, `nama_departemen`, `penanggung_jawab`, `keterangan`) VALUES
	(1, 'Teknologi Informasi (TI)', 'Fulana', 'TI'),
	(2, 'Operasional', 'tes', 'tes'),
	(3, 'Program', 'tes', 'tes');
/*!40000 ALTER TABLE `tbl_departemen` ENABLE KEYS */;


-- Dumping structure for table akuntansi.tbl_dokumentasi
DROP TABLE IF EXISTS `tbl_dokumentasi`;
CREATE TABLE IF NOT EXISTS `tbl_dokumentasi` (
  `id` int(11) NOT NULL AUTO_INCREMENT,
  `nama_modul` varchar(50) NOT NULL,
  `penjelasan_modul` varchar(250) NOT NULL,
  `akses_menu` varchar(150) NOT NULL,
  `level_pengguna` varchar(50) NOT NULL,
  `nm_gbr` varchar(50) NOT NULL,
  `tipe_gbr` varchar(50) NOT NULL,
  PRIMARY KEY (`id`)
) ENGINE=InnoDB AUTO_INCREMENT=3 DEFAULT CHARSET=latin1;

-- Dumping data for table akuntansi.tbl_dokumentasi: ~2 rows (approximately)
/*!40000 ALTER TABLE `tbl_dokumentasi` DISABLE KEYS */;
INSERT INTO `tbl_dokumentasi` (`id`, `nama_modul`, `penjelasan_modul`, `akses_menu`, `level_pengguna`, `nm_gbr`, `tipe_gbr`) VALUES
	(1, 'Dashboard', 'Menampilkan angka angka resume beberapa point keuangan', 'full', 'user, admin, all', 'file_1502337201.png', 'image/png'),
	(2, 'Kas Masuk', 'Menginput pemasukan kas', 'operator', 'user', 'file_1502337504.png', 'image/png');
/*!40000 ALTER TABLE `tbl_dokumentasi` ENABLE KEYS */;


-- Dumping structure for table akuntansi.tbl_donatur
DROP TABLE IF EXISTS `tbl_donatur`;
CREATE TABLE IF NOT EXISTS `tbl_donatur` (
  `id` int(11) NOT NULL AUTO_INCREMENT,
  `nama` varchar(50) NOT NULL,
  `nm_gbr` varchar(50) NOT NULL,
  `tipe_gbr` varchar(50) NOT NULL,
  `alamat` varchar(250) NOT NULL,
  `hp` varchar(25) NOT NULL,
  `email` varchar(25) NOT NULL,
  `id_kategori_penyedia_dana` int(11) NOT NULL,
  `npwp` varchar(50) NOT NULL,
  `norek` varchar(50) NOT NULL,
  PRIMARY KEY (`id`)
) ENGINE=InnoDB AUTO_INCREMENT=2 DEFAULT CHARSET=latin1;

-- Dumping data for table akuntansi.tbl_donatur: ~1 rows (approximately)
/*!40000 ALTER TABLE `tbl_donatur` DISABLE KEYS */;
INSERT INTO `tbl_donatur` (`id`, `nama`, `nm_gbr`, `tipe_gbr`, `alamat`, `hp`, `email`, `id_kategori_penyedia_dana`, `npwp`, `norek`) VALUES
	(1, 'Penguin', 'file_1509619380.jpg', 'image/jpeg', 'Bantar Gebang', '', '', 2, '', '');
/*!40000 ALTER TABLE `tbl_donatur` ENABLE KEYS */;


-- Dumping structure for table akuntansi.tbl_faq
DROP TABLE IF EXISTS `tbl_faq`;
CREATE TABLE IF NOT EXISTS `tbl_faq` (
  `id` int(11) unsigned NOT NULL AUTO_INCREMENT,
  `pertanyaan` text,
  `jawaban` text,
  `tag` varchar(100) DEFAULT NULL,
  PRIMARY KEY (`id`)
) ENGINE=InnoDB DEFAULT CHARSET=latin1;

-- Dumping data for table akuntansi.tbl_faq: ~0 rows (approximately)
/*!40000 ALTER TABLE `tbl_faq` DISABLE KEYS */;
/*!40000 ALTER TABLE `tbl_faq` ENABLE KEYS */;


-- Dumping structure for table akuntansi.tbl_kategori_dana
DROP TABLE IF EXISTS `tbl_kategori_dana`;
CREATE TABLE IF NOT EXISTS `tbl_kategori_dana` (
  `id` int(11) NOT NULL AUTO_INCREMENT,
  `kategori_dana` varchar(50) NOT NULL,
  `keterangan` varchar(150) NOT NULL,
  `gl` varchar(50) DEFAULT NULL,
  PRIMARY KEY (`id`)
) ENGINE=InnoDB AUTO_INCREMENT=6 DEFAULT CHARSET=latin1;

-- Dumping data for table akuntansi.tbl_kategori_dana: ~3 rows (approximately)
/*!40000 ALTER TABLE `tbl_kategori_dana` DISABLE KEYS */;
INSERT INTO `tbl_kategori_dana` (`id`, `kategori_dana`, `keterangan`, `gl`) VALUES
	(1, 'Kategori 1', 'ADD', NULL),
	(2, 'Kategori 2', 'Hibah', '112'),
	(5, 'Kategori 3', 'Usaha', '40311');
/*!40000 ALTER TABLE `tbl_kategori_dana` ENABLE KEYS */;


-- Dumping structure for table akuntansi.tbl_kategori_penyedia_dana
DROP TABLE IF EXISTS `tbl_kategori_penyedia_dana`;
CREATE TABLE IF NOT EXISTS `tbl_kategori_penyedia_dana` (
  `id` int(11) NOT NULL AUTO_INCREMENT,
  `kategori_penyedia` varchar(50) NOT NULL,
  `keterangan` varchar(150) NOT NULL,
  PRIMARY KEY (`id`)
) ENGINE=InnoDB AUTO_INCREMENT=4 DEFAULT CHARSET=latin1;

-- Dumping data for table akuntansi.tbl_kategori_penyedia_dana: ~3 rows (approximately)
/*!40000 ALTER TABLE `tbl_kategori_penyedia_dana` DISABLE KEYS */;
INSERT INTO `tbl_kategori_penyedia_dana` (`id`, `kategori_penyedia`, `keterangan`) VALUES
	(1, 'Pemda Propinsi', 'ADD'),
	(2, 'Pemkab Maros', '--'),
	(3, 'Pusat', '-');
/*!40000 ALTER TABLE `tbl_kategori_penyedia_dana` ENABLE KEYS */;


-- Dumping structure for table akuntansi.tbl_menu
DROP TABLE IF EXISTS `tbl_menu`;
CREATE TABLE IF NOT EXISTS `tbl_menu` (
  `id` int(11) NOT NULL AUTO_INCREMENT,
  `nama_menu` varchar(50) NOT NULL,
  `icon` varchar(40) NOT NULL,
  `link` varchar(255) NOT NULL,
  `parent` int(11) NOT NULL,
  `aktif` enum('Y','N') NOT NULL,
  `user_menu_index` int(11) NOT NULL,
  `status_delete` tinyint(4) NOT NULL DEFAULT '0',
  PRIMARY KEY (`id`) USING BTREE
) ENGINE=InnoDB AUTO_INCREMENT=83 DEFAULT CHARSET=latin1 ROW_FORMAT=DYNAMIC;

-- Dumping data for table akuntansi.tbl_menu: ~82 rows (approximately)
/*!40000 ALTER TABLE `tbl_menu` DISABLE KEYS */;
INSERT INTO `tbl_menu` (`id`, `nama_menu`, `icon`, `link`, `parent`, `aktif`, `user_menu_index`, `status_delete`) VALUES
	(1, 'Dashboard', 'fa fa-dashboard', '', 0, 'Y', 1, 0),
	(2, 'Parameter', 'fa fa-list', '', 0, 'Y', 2, 0),
	(3, 'Kepengurusan', 'fa fa-list', '', 2, 'Y', 1, 0),
	(4, 'Nama Provinsi', 'fa fa-circle-o', 'master/provinsi', 3, 'Y', 1, 0),
	(5, 'Nama Kab/Kota', 'fa fa-circle-o', 'master/Kabupaten', 3, 'Y', 2, 0),
	(6, 'Jenjang', 'fa fa-user', 'jenjang', 3, 'Y', 3, 0),
	(7, 'Kepengurusan', 'fa fa-user', 'kepengurusan', 3, 'Y', 4, 0),
	(8, 'Pengguna', 'fa fa-list', '', 2, 'Y', 2, 0),
	(9, 'User & Group', 'fa fa-user', 'pengguna', 8, 'Y', 1, 0),
	(10, 'Wewenang', 'fa fa-user', 'acl/management2', 8, 'Y', 2, 0),
	(11, 'Jenis Dana', 'fa fa-list', '', 2, 'Y', 3, 0),
	(12, 'Kategori Penyedia', 'fa fa-circle-o', 'kategori_penyedia', 11, 'Y', 1, 0),
	(13, 'Kategori Dana', 'fa fa-circle-o', 'kategori_dana', 0, 'Y', 2, 0),
	(14, 'Jenis penyaluran dana', 'fa fa-circle-o', 'penyaluran_dana', 11, 'Y', 3, 0),
	(15, 'Pengaturan Menu Pegawai', 'fa fa-list', '', 2, 'Y', 4, 0),
	(16, 'Keuangan Pegawai', 'fa fa-circle-o', 'keuangankaryawan', 15, 'Y', 1, 0),
	(17, 'Pengaturan Keuangan', 'fa fa-list', '', 2, 'Y', 5, 0),
	(18, 'Tipe Akun', 'fa fa-compress', 'tipeakun', 17, 'Y', 1, 0),
	(19, 'Akun (COA)', 'fa fa-credit-card', 'akun', 17, 'Y', 2, 0),
	(20, 'Periode Tahun Buku', 'fa fa-circle-o', 'tutupbuku', 17, 'Y', 3, 0),
	(21, 'Konfigurasi Aset', 'fa fa-files-o', 'asetconfig', 17, 'Y', 4, 0),
	(22, 'Data Induk', 'fa fa-list', '', 0, 'Y', 3, 0),
	(23, 'Kepengurusan', 'fa fa-circle-o', '', 22, 'Y', 1, 0),
	(24, 'Penyedia Dana', 'fa fa-circle-o', 'donator', 22, 'Y', 2, 0),
	(25, 'Mitra Kerja', 'fa fa-circle-o', 'penyedia', 22, 'Y', 3, 0),
	(26, 'Pegawai', 'fa fa-circle-o', 'pegawai', 22, 'Y', 4, 0),
	(27, 'Anggaran', 'fa fa-list', '', 22, 'Y', 5, 0),
	(28, 'penerimaan Dana', 'fa fa-circle-o', 'penerimaan_dana', 27, 'Y', 1, 0),
	(29, 'Penyaluran Dana', 'fa fa-circle-o', 'penyaluran_dana', 27, 'Y', 2, 0),
	(30, 'Penyaluran Dana', 'fa fa-list', '', 22, 'Y', 6, 0),
	(31, 'Program', 'fa fa-circle-o', 'program', 30, 'Y', 1, 0),
	(32, 'Proyek', 'fa fa-circle-o', 'proyek', 30, 'Y', 2, 0),
	(33, 'Rekening Bank', 'fa fa-circle-o', 'bank', 22, 'Y', 7, 0),
	(34, 'Aset Tetap', 'fa fa-files-o', 'asset', 22, 'Y', 8, 0),
	(35, 'Kasir', 'fa fa-list', '', 0, 'Y', 4, 0),
	(36, 'Kas Masuk', 'fa fa-files-o', 'kas', 35, 'Y', 1, 0),
	(37, 'Kas keluar', 'fa fa-files-o', 'kaskeluar', 35, 'Y', 2, 0),
	(38, 'Cetak Bukti Transaksi', 'fa fa-list', '', 35, 'Y', 3, 0),
	(39, 'Uang Muka', 'fa fa-files-o', '', 35, 'Y', 4, 0),
	(40, 'Pengaturan Dokumen', 'fa fa-list', '', 35, 'Y', 5, 0),
	(41, 'Kuitansi', 'fa fa-circle-o', 'kuitansi', 40, 'Y', 1, 0),
	(42, 'Faktur', 'fa fa-circle-o', 'settings/margin', 40, 'Y', 2, 0),
	(43, 'Invoice', 'fa fa-circle-o', 'settings/margin', 40, 'Y', 3, 0),
	(44, 'Administatur', 'fa fa-list', '', 0, 'Y', 5, 0),
	(45, 'Rekonsiliasi Bank', 'fa fa-files-o', 'kas', 44, 'Y', 1, 0),
	(46, 'Otomasi', 'fa fa-list', '', 44, 'Y', 2, 0),
	(47, 'End Of Month', 'fa fa-recycle', 'tutupbuku', 46, 'Y', 1, 0),
	(48, 'End of Year', 'fa fa-circle-o', 'kategori_dana', 46, 'Y', 2, 0),
	(49, 'Export Data', 'fa fa-files-o', '', 44, 'Y', 3, 0),
	(50, 'Import Data', 'fa fa-files-o', '', 44, 'Y', 4, 0),
	(51, ' Jurnal Pemabalik', 'fa fa-recycle', 'jurnalbalik', 44, 'Y', 5, 0),
	(52, 'Jurnal Umum', 'fa fa-files-o', '', 0, 'Y', 6, 0),
	(53, 'Piutang', 'fa fa-files-o', 'piutang', 44, 'Y', 7, 0),
	(54, 'Hutang', 'fa fa-files-o', 'hutang', 44, 'Y', 8, 0),
	(55, 'Pengaturan Umum', 'fa fa-list', '', 44, 'Y', 9, 0),
	(56, 'Backup & Restore', 'fa fa-files-o', 'kas', 55, 'Y', 1, 0),
	(57, 'Reset Sistem', 'fa fa-circle-o', 'resetsistem', 55, 'Y', 2, 0),
	(58, 'Monitor', 'fa fa-list', '', 0, 'Y', 6, 0),
	(59, 'Rasio Keungan', 'fa fa-files-o', 'kas', 58, 'Y', 1, 0),
	(60, 'Hutang & piutang', 'fa fa-files-o', 'kas', 58, 'Y', 2, 0),
	(61, 'Grafik', 'fa fa-list', '', 58, 'Y', 3, 0),
	(62, 'Jumlah & Pertumbuhan', 'fa fa-circle-o', 'kategori_dana', 61, 'Y', 1, 0),
	(63, 'Perbandingan Pendapatan', 'fa fa-circle-o', 'kategori_dana', 61, 'Y', 2, 0),
	(64, 'Perbandingan Pengeluaran', 'fa fa-circle-o', 'kategori_dana', 61, 'Y', 3, 0),
	(65, 'Perbandingan Selisih', 'fa fa-circle-o', 'kategori_dana', 61, 'Y', 4, 0),
	(66, 'Rekonsliasi Nasional', 'fa fa-files-o', 'kaskeluar', 58, 'Y', 4, 0),
	(67, 'Laporan', 'fa fa-list', '', 0, 'Y', 7, 0),
	(68, 'Utama', 'fa fa-list', '', 67, 'Y', 1, 0),
	(69, 'Jumlah & Pertumbuhan', 'fa fa-circle-o', 'kategori_dana', 68, 'Y', 1, 0),
	(70, 'Perbandingan pendapatan', 'fa fa-circle-o', 'kategori_dana', 68, 'Y', 2, 0),
	(71, 'Perbandingan Pengeluaran', 'fa fa-circle-o', 'kategori_dana', 68, 'Y', 3, 0),
	(72, 'Perbandingan Selisih', 'fa fa-circle-o', 'kategori_dana', 68, 'Y', 4, 0),
	(73, 'Rekonsiliasi Nasional', 'fa fa-circle-o', 'kaskeluar', 67, 'Y', 2, 0),
	(74, 'Laporan Jurnal', 'jurnal_lap', 'fa fa-circle-o', 67, 'Y', 3, 0),
	(75, 'Buku Besar', 'fa fa-circle-o', 'buku_Besar', 0, 'Y', 4, 0),
	(76, 'Buku Kas', 'fa fa-circle-o', 'buku_kas', 67, 'Y', 5, 0),
	(77, 'Buku Bank', 'fa fa-circle-o', 'buku_bank', 67, 'Y', 6, 0),
	(78, 'Neraca Percobaan', 'fa fa-circle-o', 'neraca_percobaan', 67, 'Y', 7, 0),
	(79, 'Neraca Saldo', 'fa fa-circle-o', 'buku besar', 67, 'Y', 8, 0),
	(80, 'Neraca', 'fa fa-circle-o', 'neraca', 67, 'Y', 9, 0),
	(81, 'Laporan Utama', 'fa fa-circle-o', 'kegiatan', 67, 'Y', 10, 0),
	(82, 'Menu', 'fa fa-user', 'acl/akses_menu', 8, 'Y', 3, 0);
/*!40000 ALTER TABLE `tbl_menu` ENABLE KEYS */;


-- Dumping structure for table akuntansi.tbl_modul
DROP TABLE IF EXISTS `tbl_modul`;
CREATE TABLE IF NOT EXISTS `tbl_modul` (
  `id` int(11) NOT NULL AUTO_INCREMENT,
  `controller` varchar(50) NOT NULL,
  `method` varchar(50) NOT NULL,
  `nama_fungsi` varchar(50) NOT NULL,
  PRIMARY KEY (`id`)
) ENGINE=InnoDB AUTO_INCREMENT=2 DEFAULT CHARSET=latin1;

-- Dumping data for table akuntansi.tbl_modul: ~1 rows (approximately)
/*!40000 ALTER TABLE `tbl_modul` DISABLE KEYS */;
INSERT INTO `tbl_modul` (`id`, `controller`, `method`, `nama_fungsi`) VALUES
	(1, 'home', 'index', 'Halaman Dashboard / Halama Utama');
/*!40000 ALTER TABLE `tbl_modul` ENABLE KEYS */;


-- Dumping structure for table akuntansi.tbl_organisasi
DROP TABLE IF EXISTS `tbl_organisasi`;
CREATE TABLE IF NOT EXISTS `tbl_organisasi` (
  `id` int(11) NOT NULL AUTO_INCREMENT,
  `nama_organisasi` varchar(50) NOT NULL,
  `alamat` text NOT NULL,
  `hp` varchar(50) NOT NULL,
  `email` varchar(50) NOT NULL,
  `npwp` varchar(50) NOT NULL,
  `no_wa` varchar(50) NOT NULL,
  `logo_organisasi` varchar(50) NOT NULL,
  `summary_organisasi` varchar(250) NOT NULL,
  `nama_pimpinan` varchar(150) NOT NULL,
  `pimpinan_harian` varchar(150) NOT NULL,
  `id_provinsi` int(11) DEFAULT NULL,
  `id_kabupaten` int(11) DEFAULT NULL,
  `level_organisasi` enum('Pusat','Cabang','Wilayah') NOT NULL,
  `jenjang` varchar(70) NOT NULL,
  `induk_organisasi` int(11) NOT NULL DEFAULT '0',
  `nm_gbr` varchar(50) NOT NULL,
  `tipe_gbr` varchar(50) NOT NULL,
  `periode_tahun_buku` varchar(4) NOT NULL,
  `tanggal_awal` date NOT NULL,
  `tanggal_akhir` date NOT NULL,
  `coa_kas_induk` varchar(10) NOT NULL,
  `coa_bank_induk` varchar(10) NOT NULL,
  `coa_piutang_induk` varchar(10) NOT NULL,
  `coa_utang_induk` varchar(10) NOT NULL,
  `coa_aset_netto` varchar(10) NOT NULL,
  `server` varchar(50) NOT NULL,
  `api_web_service` varchar(50) NOT NULL,
  PRIMARY KEY (`id`)
) ENGINE=InnoDB AUTO_INCREMENT=4 DEFAULT CHARSET=latin1;

-- Dumping data for table akuntansi.tbl_organisasi: ~3 rows (approximately)
/*!40000 ALTER TABLE `tbl_organisasi` DISABLE KEYS */;
INSERT INTO `tbl_organisasi` (`id`, `nama_organisasi`, `alamat`, `hp`, `email`, `npwp`, `no_wa`, `logo_organisasi`, `summary_organisasi`, `nama_pimpinan`, `pimpinan_harian`, `id_provinsi`, `id_kabupaten`, `level_organisasi`, `jenjang`, `induk_organisasi`, `nm_gbr`, `tipe_gbr`, `periode_tahun_buku`, `tanggal_awal`, `tanggal_akhir`, `coa_kas_induk`, `coa_bank_induk`, `coa_piutang_induk`, `coa_utang_induk`, `coa_aset_netto`, `server`, `api_web_service`) VALUES
	(1, 'Masyarakat Ekomomi Syariah', 'Kantor Pusat<br>\r\nMasyarakat Ekonomi Syariah\r\n        	<br />\r\n        	Jl. Tebet Dalam IV E No. 70 Tebet Barat\r\n        	<br />\r\n        	Tebet, Jakarta Selatan 12810<br />\r\n        	Phone : (021) 8299747<br />\r\n        	Fax : (021) 8299753<br />\r\n        	www.ekonomisyariah.org', '', '', '45', '', '', '', 'Marno', 'Tulus', 25, 399, '', '2', 0, 'file_1510040850.jpg', 'image/jpeg', '', '0000-00-00', '0000-00-00', '', '', '', '', '311', 'http://mes.jogjaide.web.id', 'ceaf6c9f431d351f863577a44548ccea'),
	(2, 'PKPD', 'Nusa', '234', 'jjo@hor.sip', '34239', '081232122', '', 'Good', 'Oki', 'Lurah', 8, 143, 'Cabang', '', 1, 'file_1509509234.jpg', 'image/jpeg', '2016', '0000-00-00', '0000-00-00', '101', '102', '', '', '311', 'http://mes.jogjaide.web.id', 'aa6587ddbb5f32f96e6e441d33b64ebf'),
	(3, 'Aztira', 'Malang', '08 123 540 1617', '', '', '', '', '', '', '', 0, NULL, 'Wilayah', '', 0, 'file_1501044261.png', 'image/png', '2016', '0000-00-00', '0000-00-00', '101', '102', '104', '21', '311', 'http://mes.jogjaide.web.id', '9e0b347b92d7efa31f472abb21f214c1');
/*!40000 ALTER TABLE `tbl_organisasi` ENABLE KEYS */;


-- Dumping structure for table akuntansi.tbl_pegawai
DROP TABLE IF EXISTS `tbl_pegawai`;
CREATE TABLE IF NOT EXISTS `tbl_pegawai` (
  `id` int(11) NOT NULL AUTO_INCREMENT,
  `nip` varchar(20) NOT NULL,
  `nama_pegawai` varchar(50) NOT NULL,
  `npwp` varchar(50) NOT NULL,
  `no_ktp` varchar(50) NOT NULL,
  `no_rekening` varchar(50) NOT NULL,
  `alamat` varchar(250) NOT NULL,
  `hp` varchar(50) NOT NULL,
  `email` varchar(50) NOT NULL,
  `total_gaji` int(11) DEFAULT NULL,
  `total_tunjangan` int(11) DEFAULT NULL,
  `jabatan` varchar(50) NOT NULL,
  `foto_profil` varchar(50) NOT NULL,
  `nm_gbr` varchar(50) NOT NULL,
  `tipe_gbr` varchar(50) NOT NULL,
  PRIMARY KEY (`id`)
) ENGINE=InnoDB AUTO_INCREMENT=5 DEFAULT CHARSET=latin1;

-- Dumping data for table akuntansi.tbl_pegawai: ~4 rows (approximately)
/*!40000 ALTER TABLE `tbl_pegawai` DISABLE KEYS */;
INSERT INTO `tbl_pegawai` (`id`, `nip`, `nama_pegawai`, `npwp`, `no_ktp`, `no_rekening`, `alamat`, `hp`, `email`, `total_gaji`, `total_tunjangan`, `jabatan`, `foto_profil`, `nm_gbr`, `tipe_gbr`) VALUES
	(1, '4400', 'Nanang', '3300', '', '', 'Pengayoman Makassar', '1100', '2200', 0, 0, '', '', 'file_1500513719.jpg', 'image/jpeg'),
	(2, '1239', 'Hana RA', '01230', '', '', 'Antoiku', '01232', 'nan@sdf.com', 0, 0, '', '', 'file_1500514265.jpg', 'image/jpeg'),
	(3, '5', 'Rustianto', '45', '6', '7', '1', '2', '3', 0, 0, '22222', '', 'file_1500514812.jpg', 'image/jpeg'),
	(4, '3', 'Tes', '4', '2', '1', '1', '2', '3', NULL, NULL, '11', '', '', '');
/*!40000 ALTER TABLE `tbl_pegawai` ENABLE KEYS */;


-- Dumping structure for table akuntansi.tbl_pegawai_keu
DROP TABLE IF EXISTS `tbl_pegawai_keu`;
CREATE TABLE IF NOT EXISTS `tbl_pegawai_keu` (
  `id` int(11) NOT NULL AUTO_INCREMENT,
  `nama_keuangan` varchar(50) NOT NULL,
  `gl_debet` varchar(20) NOT NULL,
  `gl_kredit` varchar(20) NOT NULL,
  `keterangan` varchar(250) NOT NULL,
  PRIMARY KEY (`id`)
) ENGINE=MyISAM AUTO_INCREMENT=12 DEFAULT CHARSET=latin1;

-- Dumping data for table akuntansi.tbl_pegawai_keu: 9 rows
/*!40000 ALTER TABLE `tbl_pegawai_keu` DISABLE KEYS */;
INSERT INTO `tbl_pegawai_keu` (`id`, `nama_keuangan`, `gl_debet`, `gl_kredit`, `keterangan`) VALUES
	(1, 'Gaji', '10', '101', '-'),
	(2, 'Tunjangan', '', '', ''),
	(3, 'Pinjaman', '', '', ''),
	(4, 'Kesehatan', '', '', ''),
	(5, 'Dana Pensiun', '', '', ''),
	(7, 'Transport', '21', '12', 'Ktttt'),
	(8, 'Bonus Bulanan', 'RR', 'TT', 'OK'),
	(10, 'Uang Makan', 'RR', 'RR', 'RR'),
	(11, 'Uang Minum', 'RR', 'RR', 'RR');
/*!40000 ALTER TABLE `tbl_pegawai_keu` ENABLE KEYS */;


-- Dumping structure for table akuntansi.tbl_pegawai_keu_detail
DROP TABLE IF EXISTS `tbl_pegawai_keu_detail`;
CREATE TABLE IF NOT EXISTS `tbl_pegawai_keu_detail` (
  `pegawai_id` int(11) NOT NULL,
  `param_id` int(11) NOT NULL,
  `jumlah` int(11) NOT NULL,
  PRIMARY KEY (`pegawai_id`,`param_id`)
) ENGINE=MyISAM DEFAULT CHARSET=latin1;

-- Dumping data for table akuntansi.tbl_pegawai_keu_detail: 32 rows
/*!40000 ALTER TABLE `tbl_pegawai_keu_detail` DISABLE KEYS */;
INSERT INTO `tbl_pegawai_keu_detail` (`pegawai_id`, `param_id`, `jumlah`) VALUES
	(1, 1, 5000000),
	(1, 2, 2000000),
	(1, 3, 500000),
	(1, 4, 4),
	(1, 5, 5),
	(2, 1, 3000000),
	(2, 2, 3),
	(2, 3, 3),
	(2, 4, 3),
	(2, 5, 3),
	(3, 1, 10),
	(3, 2, 0),
	(3, 3, 0),
	(3, 4, 0),
	(3, 5, 100000001),
	(1, 7, 6),
	(1, 8, 76),
	(3, 7, 0),
	(3, 8, 0),
	(2, 7, 0),
	(2, 8, 0),
	(1, 10, 8),
	(1, 11, 34),
	(4, 1, 1),
	(4, 2, 2),
	(4, 3, 3),
	(4, 4, 4),
	(4, 5, 5),
	(4, 7, 6),
	(4, 8, 7),
	(4, 10, 8),
	(4, 11, 9);
/*!40000 ALTER TABLE `tbl_pegawai_keu_detail` ENABLE KEYS */;


-- Dumping structure for table akuntansi.tbl_penerimaan_dana
DROP TABLE IF EXISTS `tbl_penerimaan_dana`;
CREATE TABLE IF NOT EXISTS `tbl_penerimaan_dana` (
  `id` int(11) NOT NULL AUTO_INCREMENT,
  `kategori_penyedia_dana` varchar(50) NOT NULL DEFAULT '0',
  `jenis_dana` varchar(50) NOT NULL DEFAULT '0',
  `penyedia_dana_id` int(11) NOT NULL DEFAULT '0',
  `nilai` int(11) NOT NULL DEFAULT '0',
  `keterangan` varchar(50) NOT NULL DEFAULT '0',
  PRIMARY KEY (`id`)
) ENGINE=InnoDB AUTO_INCREMENT=5 DEFAULT CHARSET=latin1;

-- Dumping data for table akuntansi.tbl_penerimaan_dana: ~4 rows (approximately)
/*!40000 ALTER TABLE `tbl_penerimaan_dana` DISABLE KEYS */;
INSERT INTO `tbl_penerimaan_dana` (`id`, `kategori_penyedia_dana`, `jenis_dana`, `penyedia_dana_id`, `nilai`, `keterangan`) VALUES
	(1, 'EEEE', '2', 3, 60, 'ok'),
	(2, 'RRR', '5', 2, 9000, 'RRR'),
	(3, 'T', '5', 2, 10, 'OK'),
	(4, 'A', '2', 4, 1, '-');
/*!40000 ALTER TABLE `tbl_penerimaan_dana` ENABLE KEYS */;


-- Dumping structure for table akuntansi.tbl_penyaluran_dana
DROP TABLE IF EXISTS `tbl_penyaluran_dana`;
CREATE TABLE IF NOT EXISTS `tbl_penyaluran_dana` (
  `id` int(11) NOT NULL AUTO_INCREMENT,
  `kategori_penyaluran_dana` varchar(50) NOT NULL,
  `nama_penyaluran_dana` varchar(50) NOT NULL,
  `nilai` int(11) NOT NULL,
  `keterangan` varchar(150) NOT NULL,
  `gl` varchar(50) DEFAULT NULL,
  PRIMARY KEY (`id`)
) ENGINE=InnoDB AUTO_INCREMENT=4 DEFAULT CHARSET=latin1;

-- Dumping data for table akuntansi.tbl_penyaluran_dana: ~3 rows (approximately)
/*!40000 ALTER TABLE `tbl_penyaluran_dana` DISABLE KEYS */;
INSERT INTO `tbl_penyaluran_dana` (`id`, `kategori_penyaluran_dana`, `nama_penyaluran_dana`, `nilai`, `keterangan`, `gl`) VALUES
	(1, '4', 'VVVV', 50000, 'Cepat', '5024'),
	(2, '1', 'BB', 1000, 'Terpandu', '5013'),
	(3, '1', 'VVV', 500, 'TT', '501');
/*!40000 ALTER TABLE `tbl_penyaluran_dana` ENABLE KEYS */;


-- Dumping structure for table akuntansi.tbl_penyaluran_dana_jenis
DROP TABLE IF EXISTS `tbl_penyaluran_dana_jenis`;
CREATE TABLE IF NOT EXISTS `tbl_penyaluran_dana_jenis` (
  `id` int(11) NOT NULL AUTO_INCREMENT,
  `jenis_penyaluran_dana` varchar(50) NOT NULL,
  PRIMARY KEY (`id`)
) ENGINE=InnoDB AUTO_INCREMENT=5 DEFAULT CHARSET=latin1 ROW_FORMAT=COMPACT;

-- Dumping data for table akuntansi.tbl_penyaluran_dana_jenis: ~2 rows (approximately)
/*!40000 ALTER TABLE `tbl_penyaluran_dana_jenis` DISABLE KEYS */;
INSERT INTO `tbl_penyaluran_dana_jenis` (`id`, `jenis_penyaluran_dana`) VALUES
	(1, 'Penyaluran 1'),
	(4, 'Penyalura 2');
/*!40000 ALTER TABLE `tbl_penyaluran_dana_jenis` ENABLE KEYS */;


-- Dumping structure for table akuntansi.tbl_penyedia
DROP TABLE IF EXISTS `tbl_penyedia`;
CREATE TABLE IF NOT EXISTS `tbl_penyedia` (
  `id` int(11) NOT NULL AUTO_INCREMENT,
  `nama_penyedia` varchar(50) NOT NULL,
  `alamat` varchar(250) NOT NULL,
  `hp` varchar(50) NOT NULL,
  `email` varchar(50) NOT NULL,
  `ktp` varchar(50) NOT NULL,
  `no_npwp` varchar(50) NOT NULL,
  `no_rekening` varchar(50) NOT NULL,
  `nm_gbr` varchar(50) DEFAULT NULL,
  `tipe_gbr` varchar(50) DEFAULT NULL,
  PRIMARY KEY (`id`),
  UNIQUE KEY `nama_penyedia` (`nama_penyedia`)
) ENGINE=InnoDB AUTO_INCREMENT=5 DEFAULT CHARSET=latin1 COMMENT='pemasok';

-- Dumping data for table akuntansi.tbl_penyedia: ~4 rows (approximately)
/*!40000 ALTER TABLE `tbl_penyedia` DISABLE KEYS */;
INSERT INTO `tbl_penyedia` (`id`, `nama_penyedia`, `alamat`, `hp`, `email`, `ktp`, `no_npwp`, `no_rekening`, `nm_gbr`, `tipe_gbr`) VALUES
	(1, 'Anto Rusti', 'Makassar', '098123234', 'antorusti@erp.com', '007', '1234234', 'BCA 234230234', 'file_1509618754.jpg', 'image/jpeg'),
	(2, 'Gunwan', 'Jogja', '90234', 'ASD@ff.omy', '', '923472394', 'BNI 234234', NULL, NULL),
	(3, 'Lastech', 'Jakarta', '', '', '', '', '', 'file_1501399221.jpg', 'image/jpeg'),
	(4, 'Jhon', 'Mawar', '', '', '008', '', '', 'file_1510349406.jpg', 'image/jpeg');
/*!40000 ALTER TABLE `tbl_penyedia` ENABLE KEYS */;


-- Dumping structure for table akuntansi.tbl_pinjaman_pegawai
DROP TABLE IF EXISTS `tbl_pinjaman_pegawai`;
CREATE TABLE IF NOT EXISTS `tbl_pinjaman_pegawai` (
  `id` int(11) NOT NULL AUTO_INCREMENT,
  `id_pegawai` int(11) NOT NULL DEFAULT '0',
  `tanggal_pinjaman` date DEFAULT NULL,
  `status_pinjaman` varchar(50) DEFAULT NULL,
  `jumlah_pinjaman` int(11) DEFAULT NULL,
  PRIMARY KEY (`id`)
) ENGINE=InnoDB AUTO_INCREMENT=4 DEFAULT CHARSET=latin1;

-- Dumping data for table akuntansi.tbl_pinjaman_pegawai: ~3 rows (approximately)
/*!40000 ALTER TABLE `tbl_pinjaman_pegawai` DISABLE KEYS */;
INSERT INTO `tbl_pinjaman_pegawai` (`id`, `id_pegawai`, `tanggal_pinjaman`, `status_pinjaman`, `jumlah_pinjaman`) VALUES
	(1, 3, '2017-07-29', 'Baru', 1100000),
	(2, 2, '2017-03-20', 'Baru', 2000000),
	(3, 3, '2017-07-24', 'Lunas', 9000);
/*!40000 ALTER TABLE `tbl_pinjaman_pegawai` ENABLE KEYS */;


-- Dumping structure for table akuntansi.tbl_program
DROP TABLE IF EXISTS `tbl_program`;
CREATE TABLE IF NOT EXISTS `tbl_program` (
  `id_program` int(11) NOT NULL AUTO_INCREMENT,
  `no_program` varchar(40) NOT NULL,
  `keterangan` varchar(100) NOT NULL,
  `tgl_dibuat` date NOT NULL,
  `yang_buat` int(11) NOT NULL,
  `dikonfirmasi` varchar(10) NOT NULL,
  `kode_unik` varchar(20) NOT NULL,
  `dikonfirmasi_oleh` int(11) NOT NULL,
  `company_id` int(11) NOT NULL,
  PRIMARY KEY (`id_program`)
) ENGINE=InnoDB AUTO_INCREMENT=10 DEFAULT CHARSET=latin1;

-- Dumping data for table akuntansi.tbl_program: ~3 rows (approximately)
/*!40000 ALTER TABLE `tbl_program` DISABLE KEYS */;
INSERT INTO `tbl_program` (`id_program`, `no_program`, `keterangan`, `tgl_dibuat`, `yang_buat`, `dikonfirmasi`, `kode_unik`, `dikonfirmasi_oleh`, `company_id`) VALUES
	(7, 'AP-201707-00001', 'PEMBERDAYAAN MASYARAKAT', '2017-07-23', 0, 'Yes', '20c7edjcudes', 0, 1),
	(8, 'AP-201707-00002', ' PEMBERDAYAAN ASET KANTOR', '2017-07-23', 0, 'Yes', 'gk5rl3u5pu0', 0, 1),
	(9, 'AP-201708-00001', 'Program Abadi', '2017-08-19', 0, 'Yes', '5kpvaz5l1jtz', 0, 1);
/*!40000 ALTER TABLE `tbl_program` ENABLE KEYS */;


-- Dumping structure for table akuntansi.tbl_program_detail
DROP TABLE IF EXISTS `tbl_program_detail`;
CREATE TABLE IF NOT EXISTS `tbl_program_detail` (
  `id_program_detail` int(11) NOT NULL AUTO_INCREMENT,
  `id_program` int(11) NOT NULL,
  `id_akun` int(11) NOT NULL,
  `tgl_perencaana` date NOT NULL,
  `uraian` varchar(100) NOT NULL,
  `budget` float DEFAULT NULL,
  `total_penerimaan` float DEFAULT NULL,
  PRIMARY KEY (`id_program_detail`)
) ENGINE=InnoDB AUTO_INCREMENT=24 DEFAULT CHARSET=latin1;

-- Dumping data for table akuntansi.tbl_program_detail: ~6 rows (approximately)
/*!40000 ALTER TABLE `tbl_program_detail` DISABLE KEYS */;
INSERT INTO `tbl_program_detail` (`id_program_detail`, `id_program`, `id_akun`, `tgl_perencaana`, `uraian`, `budget`, `total_penerimaan`) VALUES
	(5, 7, 0, '0000-00-00', 'test', 100000000, 0),
	(14, 9, 0, '2017-08-19', 'SS', 5000, 5000),
	(15, 9, 0, '2017-08-19', 'aaa', 4000, 4000),
	(21, 8, 0, '2017-08-20', 'testing', 5000000, 333333),
	(22, 8, 0, '2017-08-20', 'testing', 1000000, 1222),
	(23, 8, 0, '2017-08-20', 'NN', 100000, 100000);
/*!40000 ALTER TABLE `tbl_program_detail` ENABLE KEYS */;


-- Dumping structure for table akuntansi.tbl_proyek
DROP TABLE IF EXISTS `tbl_proyek`;
CREATE TABLE IF NOT EXISTS `tbl_proyek` (
  `id` int(11) NOT NULL AUTO_INCREMENT,
  `id_program` int(11) NOT NULL DEFAULT '0',
  `nama_proyek` varchar(50) NOT NULL,
  `jenis_proyek` enum('One Year','Multi Year') DEFAULT NULL,
  `tanggal_dari` date DEFAULT NULL,
  `tanggal_sampai` date DEFAULT NULL,
  `keterangan` varchar(250) NOT NULL,
  `nilai` int(11) DEFAULT '0',
  PRIMARY KEY (`id`)
) ENGINE=InnoDB AUTO_INCREMENT=7 DEFAULT CHARSET=latin1;

-- Dumping data for table akuntansi.tbl_proyek: ~5 rows (approximately)
/*!40000 ALTER TABLE `tbl_proyek` DISABLE KEYS */;
INSERT INTO `tbl_proyek` (`id`, `id_program`, `nama_proyek`, `jenis_proyek`, `tanggal_dari`, `tanggal_sampai`, `keterangan`, `nilai`) VALUES
	(1, 7, 'ADD 2017 Konawe Selatan', 'Multi Year', '2017-08-12', '2017-08-26', 'Pencairan Dana Desa', 50000000),
	(3, 7, 'Proyek Dua Mangga E', 'One Year', '2017-08-12', '2017-08-26', 'OK', 7500000),
	(4, 7, 'Kursus Komputer', 'One Year', '2017-08-18', '2017-08-31', 'ok', 70000),
	(5, 8, 'Donasi Darah', 'Multi Year', '2017-08-05', '2017-08-31', 'ok', 80000),
	(6, 8, 'Kursus Android', 'Multi Year', '2017-08-18', '2019-08-18', '17 Agusut', 1000000);
/*!40000 ALTER TABLE `tbl_proyek` ENABLE KEYS */;


-- Dumping structure for table akuntansi.tbl_seting_dokumen
DROP TABLE IF EXISTS `tbl_seting_dokumen`;
CREATE TABLE IF NOT EXISTS `tbl_seting_dokumen` (
  `id` int(11) NOT NULL AUTO_INCREMENT,
  `organisasi_id` int(11) NOT NULL,
  `bataskiri` varchar(50) NOT NULL,
  `bataskanan` varchar(50) NOT NULL,
  `batasatas` varchar(50) NOT NULL,
  `batasbawah` varchar(50) NOT NULL,
  `dokumen` varchar(50) NOT NULL,
  PRIMARY KEY (`id`)
) ENGINE=MyISAM AUTO_INCREMENT=2 DEFAULT CHARSET=latin1;

-- Dumping data for table akuntansi.tbl_seting_dokumen: 1 rows
/*!40000 ALTER TABLE `tbl_seting_dokumen` DISABLE KEYS */;
INSERT INTO `tbl_seting_dokumen` (`id`, `organisasi_id`, `bataskiri`, `bataskanan`, `batasatas`, `batasbawah`, `dokumen`) VALUES
	(1, 1, '', '', '', '', 'kuitansi');
/*!40000 ALTER TABLE `tbl_seting_dokumen` ENABLE KEYS */;


-- Dumping structure for table akuntansi.tbl_ticket
DROP TABLE IF EXISTS `tbl_ticket`;
CREATE TABLE IF NOT EXISTS `tbl_ticket` (
  `id` int(11) unsigned NOT NULL AUTO_INCREMENT,
  `name_ticket` varchar(100) DEFAULT NULL COMMENT 'Ticket Name',
  `date_ticket` date DEFAULT NULL COMMENT 'Ticket Date',
  `detail_ticket` text COMMENT 'Ticket Detail',
  `type_ticket` varchar(50) DEFAULT '' COMMENT 'Type Ticket',
  `status_ticket` int(5) DEFAULT NULL COMMENT 'Status Ticket',
  `id_parent` int(2) DEFAULT NULL,
  PRIMARY KEY (`id`)
) ENGINE=InnoDB DEFAULT CHARSET=latin1;

-- Dumping data for table akuntansi.tbl_ticket: ~0 rows (approximately)
/*!40000 ALTER TABLE `tbl_ticket` DISABLE KEYS */;
/*!40000 ALTER TABLE `tbl_ticket` ENABLE KEYS */;


-- Dumping structure for table akuntansi.telepon
DROP TABLE IF EXISTS `telepon`;
CREATE TABLE IF NOT EXISTS `telepon` (
  `id` int(11) NOT NULL AUTO_INCREMENT,
  `nama` varchar(50) NOT NULL,
  `nomor` varchar(13) NOT NULL,
  PRIMARY KEY (`id`)
) ENGINE=InnoDB AUTO_INCREMENT=8 DEFAULT CHARSET=latin1;

-- Dumping data for table akuntansi.telepon: ~3 rows (approximately)
/*!40000 ALTER TABLE `telepon` DISABLE KEYS */;
INSERT INTO `telepon` (`id`, `nama`, `nomor`) VALUES
	(1, 'Orion', '08576666762'),
	(2, 'Mars', '08576666770'),
	(7, 'Alpha', '08576666765');
/*!40000 ALTER TABLE `telepon` ENABLE KEYS */;


-- Dumping structure for table akuntansi.trs_jurnal
DROP TABLE IF EXISTS `trs_jurnal`;
CREATE TABLE IF NOT EXISTS `trs_jurnal` (
  `id_jurnal` bigint(20) NOT NULL AUTO_INCREMENT,
  `no_jurnal` varchar(40) NOT NULL,
  `no_bukti` varchar(40) DEFAULT NULL,
  `memo` varchar(160) DEFAULT NULL,
  `tgl_jurnal` date NOT NULL,
  `debitur` varchar(50) DEFAULT NULL,
  `kreditur` varchar(50) DEFAULT NULL,
  `total` float NOT NULL,
  `kategori` varchar(50) NOT NULL,
  `kategori_penyedia_dana` varchar(50) NOT NULL,
  `kategori_dana` varchar(50) NOT NULL,
  `proyek` varchar(50) DEFAULT NULL,
  `penyaluran` varchar(50) DEFAULT NULL,
  `sumberdana` varchar(50) DEFAULT NULL,
  `departemen` varchar(50) DEFAULT NULL,
  `program` varchar(50) DEFAULT NULL,
  `penyedia` varchar(50) DEFAULT NULL,
  `dikonfirmasi` varchar(5) NOT NULL,
  `yang_buat` int(11) NOT NULL,
  `tgl_dibuat` datetime NOT NULL,
  `yang_ubah` int(11) DEFAULT NULL,
  `tgl_diubah` datetime DEFAULT NULL,
  `jenis_jurnal` varchar(7) DEFAULT NULL,
  `kode_unik` varchar(20) NOT NULL,
  `kode_gaji` varchar(20) DEFAULT NULL,
  `dikonfirmasi_oleh` int(11) NOT NULL,
  `company_id` int(11) NOT NULL,
  PRIMARY KEY (`id_jurnal`)
) ENGINE=InnoDB AUTO_INCREMENT=142 DEFAULT CHARSET=latin1;

-- Dumping data for table akuntansi.trs_jurnal: ~109 rows (approximately)
/*!40000 ALTER TABLE `trs_jurnal` DISABLE KEYS */;
INSERT INTO `trs_jurnal` (`id_jurnal`, `no_jurnal`, `no_bukti`, `memo`, `tgl_jurnal`, `debitur`, `kreditur`, `total`, `kategori`, `kategori_penyedia_dana`, `kategori_dana`, `proyek`, `penyaluran`, `sumberdana`, `departemen`, `program`, `penyedia`, `dikonfirmasi`, `yang_buat`, `tgl_dibuat`, `yang_ubah`, `tgl_diubah`, `jenis_jurnal`, `kode_unik`, `kode_gaji`, `dikonfirmasi_oleh`, `company_id`) VALUES
	(1, 'ASET/00000001/2016/6', 'AS-HDJ1', 'Mobil Honda Jazz', '2016-08-05', NULL, NULL, 0, '', '', '', NULL, NULL, NULL, NULL, NULL, NULL, 'Yes', 0, '2017-08-30 01:27:31', NULL, NULL, 'ASET', '25gcpdqbfmdv', '', 0, 1),
	(2, 'ASET-PY/00000002/2016/6', 'py_AS-HDJ1', 'Mobil Honda Jazz', '2016-08-31', NULL, NULL, 0, '', '', '', NULL, NULL, NULL, NULL, NULL, NULL, 'Yes', 0, '2017-08-30 01:27:31', NULL, NULL, 'ASET-PY', 'py_2fihrt2tslqr', '', 0, 1),
	(3, 'ASET-PY/00000003/2016/6', 'py_AS-HDJ1', 'Mobil Honda Jazz', '2016-09-30', NULL, NULL, 0, '', '', '', NULL, NULL, NULL, NULL, NULL, NULL, 'Yes', 0, '2017-08-30 01:27:31', NULL, NULL, 'ASET-PY', 'py_2uz5ei5164nn', '', 0, 1),
	(4, 'ASET-PY/00000004/2016/6', 'py_AS-HDJ1', 'Mobil Honda Jazz', '2016-10-31', NULL, NULL, 0, '', '', '', NULL, NULL, NULL, NULL, NULL, NULL, 'Yes', 0, '2017-08-30 01:27:31', NULL, NULL, 'ASET-PY', 'py_2xdjvphldtzn', '', 0, 1),
	(5, 'ASET-PY/00000005/2016/6', 'py_AS-HDJ1', 'Mobil Honda Jazz', '2016-11-30', NULL, NULL, 0, '', '', '', NULL, NULL, NULL, NULL, NULL, NULL, 'Yes', 0, '2017-08-30 01:27:31', NULL, NULL, 'ASET-PY', 'py_2zrr9oypzdw3', '', 0, 1),
	(6, 'ASET-PY/00000006/2016/6', 'py_AS-HDJ1', 'Mobil Honda Jazz', '2016-12-31', NULL, NULL, 0, '', '', '', NULL, NULL, NULL, NULL, NULL, NULL, 'Yes', 0, '2017-08-30 01:27:31', NULL, NULL, 'ASET-PY', 'py_31woqvm4atxv', '', 0, 1),
	(7, 'ASET-PY/00000007/2016/6', 'py_AS-HDJ1', 'Mobil Honda Jazz', '2017-01-31', NULL, NULL, 0, '', '', '', NULL, NULL, NULL, NULL, NULL, NULL, 'Yes', 0, '2017-08-30 01:27:31', NULL, NULL, 'ASET-PY', 'py_3405eolxonir', '', 0, 1),
	(8, 'ASET-PY/00000008/2016/6', 'py_AS-HDJ1', 'Mobil Honda Jazz', '2017-02-28', NULL, NULL, 0, '', '', '', NULL, NULL, NULL, NULL, NULL, NULL, 'Yes', 0, '2017-08-30 01:27:31', NULL, NULL, 'ASET-PY', 'py_3637w1uvu68j', '', 0, 1),
	(9, 'ASET-PY/00000009/2016/6', 'py_AS-HDJ1', 'Mobil Honda Jazz', '2017-03-31', NULL, NULL, 0, '', '', '', NULL, NULL, NULL, NULL, NULL, NULL, 'Yes', 0, '2017-08-30 01:27:31', NULL, NULL, 'ASET-PY', 'py_383hpbb2njtf', '', 0, 1),
	(10, 'ASET-PY/00000010/2016/6', 'py_AS-HDJ1', 'Mobil Honda Jazz', '2017-04-30', NULL, NULL, 0, '', '', '', NULL, NULL, NULL, NULL, NULL, NULL, 'Yes', 0, '2017-08-30 01:27:31', NULL, NULL, 'ASET-PY', 'py_3acqsjrubt3n', '', 0, 1),
	(11, 'ASET-PY/00000011/2016/6', 'py_AS-HDJ1', 'Mobil Honda Jazz', '2017-05-31', NULL, NULL, 0, '', '', '', NULL, NULL, NULL, NULL, NULL, NULL, 'Yes', 0, '2017-08-30 01:27:31', NULL, NULL, 'ASET-PY', 'py_3cgtsakh3lsj', '', 0, 1),
	(12, 'ASET-PY/00000012/2016/6', 'py_AS-HDJ1', 'Mobil Honda Jazz', '2017-06-30', NULL, NULL, 0, '', '', '', NULL, NULL, NULL, NULL, NULL, NULL, 'Yes', 0, '2017-08-30 01:27:31', NULL, NULL, 'ASET-PY', 'py_3enpswk1e1w3', '', 0, 1),
	(13, 'ASET-PY/00000013/2016/6', 'py_AS-HDJ1', 'Mobil Honda Jazz', '2017-07-31', NULL, NULL, 0, '', '', '', NULL, NULL, NULL, NULL, NULL, NULL, 'Yes', 0, '2017-08-30 01:27:31', NULL, NULL, 'ASET-PY', 'py_3gqfivmt1atv', '', 0, 1),
	(14, 'ASET-PY/00000014/2016/6', 'py_AS-HDJ1', 'Mobil Honda Jazz', '2017-08-31', NULL, NULL, 0, '', '', '', NULL, NULL, NULL, NULL, NULL, NULL, 'Yes', 0, '2017-08-30 01:27:31', NULL, NULL, 'ASET-PY', 'py_3iw8wjpnmfbn', '', 0, 1),
	(15, 'ASET-PY/00000015/2016/6', 'py_AS-HDJ1', 'Mobil Honda Jazz', '2017-09-30', NULL, NULL, 0, '', '', '', NULL, NULL, NULL, NULL, NULL, NULL, 'Yes', 0, '2017-08-30 01:27:31', NULL, NULL, 'ASET-PY', 'py_3kyp1z5sdyxf', '', 0, 1),
	(16, 'ASET-PY/00000016/2016/6', 'py_AS-HDJ1', 'Mobil Honda Jazz', '2017-10-31', NULL, NULL, 0, '', '', '', NULL, NULL, NULL, NULL, NULL, NULL, 'Yes', 0, '2017-08-30 01:27:31', NULL, NULL, 'ASET-PY', 'py_3n3a4j16dngz', '', 0, 1),
	(17, 'ASET-PY/00000017/2016/6', 'py_AS-HDJ1', 'Mobil Honda Jazz', '2017-11-30', NULL, NULL, 0, '', '', '', NULL, NULL, NULL, NULL, NULL, NULL, 'Yes', 0, '2017-08-30 01:27:31', NULL, NULL, 'ASET-PY', 'py_3pdksf857pjn', '', 0, 1),
	(18, 'ASET-PY/00000018/2016/6', 'py_AS-HDJ1', 'Mobil Honda Jazz', '2017-12-31', NULL, NULL, 0, '', '', '', NULL, NULL, NULL, NULL, NULL, NULL, 'Yes', 0, '2017-08-30 01:27:31', NULL, NULL, 'ASET-PY', 'py_3rdt6n3nb21f', '', 0, 1),
	(19, 'ASET-PY/00000019/2016/6', 'py_AS-HDJ1', 'Mobil Honda Jazz', '2018-01-31', NULL, NULL, 0, '', '', '', NULL, NULL, NULL, NULL, NULL, NULL, 'Yes', 0, '2017-08-30 01:27:31', NULL, NULL, 'ASET-PY', 'py_3tkgc88x2tcj', '', 0, 1),
	(20, 'ASET-PY/00000020/2016/6', 'py_AS-HDJ1', 'Mobil Honda Jazz', '2018-02-28', NULL, NULL, 0, '', '', '', NULL, NULL, NULL, NULL, NULL, NULL, 'Yes', 0, '2017-08-30 01:27:31', NULL, NULL, 'ASET-PY', 'py_3vmmx42eynmb', '', 0, 1),
	(21, 'ASET-PY/00000021/2016/6', 'py_AS-HDJ1', 'Mobil Honda Jazz', '2018-03-31', NULL, NULL, 0, '', '', '', NULL, NULL, NULL, NULL, NULL, NULL, 'Yes', 0, '2017-08-30 01:27:31', NULL, NULL, 'ASET-PY', 'py_4053bs13emtv', '', 0, 1),
	(22, 'ASET-PY/00000022/2016/6', 'py_AS-HDJ1', 'Mobil Honda Jazz', '2018-04-30', NULL, NULL, 0, '', '', '', NULL, NULL, NULL, NULL, NULL, NULL, 'Yes', 0, '2017-08-30 01:27:31', NULL, NULL, 'ASET-PY', 'py_42lkljfvrfgz', '', 0, 1),
	(23, 'ASET-PY/00000023/2016/6', 'py_AS-HDJ1', 'Mobil Honda Jazz', '2018-05-31', NULL, NULL, 0, '', '', '', NULL, NULL, NULL, NULL, NULL, NULL, 'Yes', 0, '2017-08-30 01:27:31', NULL, NULL, 'ASET-PY', 'py_44yvdip7qadv', '', 0, 1),
	(24, 'ASET-PY/00000024/2016/6', 'py_AS-HDJ1', 'Mobil Honda Jazz', '2018-06-30', NULL, NULL, 0, '', '', '', NULL, NULL, NULL, NULL, NULL, NULL, 'Yes', 0, '2017-08-30 01:27:31', NULL, NULL, 'ASET-PY', 'py_47gb13anmbdf', '', 0, 1),
	(25, 'ASET-PY/00000025/2016/6', 'py_AS-HDJ1', 'Mobil Honda Jazz', '2018-07-31', NULL, NULL, 0, '', '', '', NULL, NULL, NULL, NULL, NULL, NULL, 'Yes', 0, '2017-08-30 01:27:31', NULL, NULL, 'ASET-PY', 'py_49hqo573rl03', '', 0, 1),
	(26, 'ASET-PY/00000026/2016/6', 'py_AS-HDJ1', 'Mobil Honda Jazz', '2018-08-31', NULL, NULL, 0, '', '', '', NULL, NULL, NULL, NULL, NULL, NULL, 'Yes', 0, '2017-08-30 01:27:31', NULL, NULL, 'ASET-PY', 'py_4bkht5uk4v0z', '', 0, 1),
	(27, 'ASET-PY/00000027/2016/6', 'py_AS-HDJ1', 'Mobil Honda Jazz', '2018-09-30', NULL, NULL, 0, '', '', '', NULL, NULL, NULL, NULL, NULL, NULL, 'Yes', 0, '2017-08-30 01:27:31', NULL, NULL, 'ASET-PY', 'py_4dtp4lcgwkyb', '', 0, 1),
	(28, 'ASET-PY/00000028/2016/6', 'py_AS-HDJ1', 'Mobil Honda Jazz', '2018-10-31', NULL, NULL, 0, '', '', '', NULL, NULL, NULL, NULL, NULL, NULL, 'Yes', 0, '2017-08-30 01:27:31', NULL, NULL, 'ASET-PY', 'py_4gne3j1nui37', '', 0, 1),
	(29, 'ASET-PY/00000029/2016/6', 'py_AS-HDJ1', 'Mobil Honda Jazz', '2018-11-30', NULL, NULL, 0, '', '', '', NULL, NULL, NULL, NULL, NULL, NULL, 'Yes', 0, '2017-08-30 01:27:31', NULL, NULL, 'ASET-PY', 'py_4ips4e4rj02b', '', 0, 1),
	(30, 'ASET-PY/00000030/2016/6', 'py_AS-HDJ1', 'Mobil Honda Jazz', '2018-12-31', NULL, NULL, 0, '', '', '', NULL, NULL, NULL, NULL, NULL, NULL, 'Yes', 0, '2017-08-30 01:27:31', NULL, NULL, 'ASET-PY', 'py_4kw9lszaen0z', '', 0, 1),
	(31, 'ASET-PY/00000031/2016/6', 'py_AS-HDJ1', 'Mobil Honda Jazz', '2019-01-31', NULL, NULL, 0, '', '', '', NULL, NULL, NULL, NULL, NULL, NULL, 'Yes', 0, '2017-08-30 01:27:31', NULL, NULL, 'ASET-PY', 'py_4nh9ku2vqec3', '', 0, 1),
	(32, 'ASET-PY/00000032/2016/6', 'py_AS-HDJ1', 'Mobil Honda Jazz', '2019-02-28', NULL, NULL, 0, '', '', '', NULL, NULL, NULL, NULL, NULL, NULL, 'Yes', 0, '2017-08-30 01:27:31', NULL, NULL, 'ASET-PY', 'py_4pjsx42k4idv', '', 0, 1),
	(33, 'ASET-PY/00000033/2016/6', 'py_AS-HDJ1', 'Mobil Honda Jazz', '2019-03-31', NULL, NULL, 0, '', '', '', NULL, NULL, NULL, NULL, NULL, NULL, 'Yes', 0, '2017-08-30 01:27:31', NULL, NULL, 'ASET-PY', 'py_4rrfiskzz0ur', '', 0, 1),
	(34, 'ASET-PY/00000034/2016/6', 'py_AS-HDJ1', 'Mobil Honda Jazz', '2019-04-30', NULL, NULL, 0, '', '', '', NULL, NULL, NULL, NULL, NULL, NULL, 'Yes', 0, '2017-08-30 01:27:31', NULL, NULL, 'ASET-PY', 'py_4u2u8o9d8fmb', '', 0, 1),
	(35, 'ASET-PY/00000035/2016/6', 'py_AS-HDJ1', 'Mobil Honda Jazz', '2019-05-31', NULL, NULL, 0, '', '', '', NULL, NULL, NULL, NULL, NULL, NULL, 'Yes', 0, '2017-08-30 01:27:31', NULL, NULL, 'ASET-PY', 'py_4wltjpnri58z', '', 0, 1),
	(36, 'ASET-PY/00000036/2016/6', 'py_AS-HDJ1', 'Mobil Honda Jazz', '2019-06-30', NULL, NULL, 0, '', '', '', NULL, NULL, NULL, NULL, NULL, NULL, 'Yes', 0, '2017-08-30 01:27:31', NULL, NULL, 'ASET-PY', 'py_4yxg2bzwqpzn', '', 0, 1),
	(37, 'ASET-PY/00000037/2016/6', 'py_AS-HDJ1', 'Mobil Honda Jazz', '2019-07-31', NULL, NULL, 0, '', '', '', NULL, NULL, NULL, NULL, NULL, NULL, 'Yes', 0, '2017-08-30 01:27:31', NULL, NULL, 'ASET-PY', 'py_54s4bapce58z', '', 0, 1),
	(38, 'ASET-PY/00000038/2016/6', 'py_AS-HDJ1', 'Mobil Honda Jazz', '2019-08-31', NULL, NULL, 0, '', '', '', NULL, NULL, NULL, NULL, NULL, NULL, 'Yes', 0, '2017-08-30 01:27:31', NULL, NULL, 'ASET-PY', 'py_56tl0msb2xoz', '', 0, 1),
	(39, 'ASET-PY/00000039/2016/6', 'py_AS-HDJ1', 'Mobil Honda Jazz', '2019-09-30', NULL, NULL, 0, '', '', '', NULL, NULL, NULL, NULL, NULL, NULL, 'Yes', 0, '2017-08-30 01:27:31', NULL, NULL, 'ASET-PY', 'py_5d77z5oevw2b', '', 0, 1),
	(40, 'ASET-PY/00000040/2016/6', 'py_AS-HDJ1', 'Mobil Honda Jazz', '2019-10-31', NULL, NULL, 0, '', '', '', NULL, NULL, NULL, NULL, NULL, NULL, 'Yes', 0, '2017-08-30 01:27:31', NULL, NULL, 'ASET-PY', 'py_5f7pxx6juxw3', '', 0, 1),
	(41, 'ASET-PY/00000041/2016/6', 'py_AS-HDJ1', 'Mobil Honda Jazz', '2019-11-30', NULL, NULL, 0, '', '', '', NULL, NULL, NULL, NULL, NULL, NULL, 'Yes', 0, '2017-08-30 01:27:31', NULL, NULL, 'ASET-PY', 'py_5hqzvse3jvo3', '', 0, 1),
	(42, 'ASET-PY/00000042/2016/6', 'py_AS-HDJ1', 'Mobil Honda Jazz', '2019-12-31', NULL, NULL, 0, '', '', '', NULL, NULL, NULL, NULL, NULL, NULL, 'Yes', 0, '2017-08-30 01:27:31', NULL, NULL, 'ASET-PY', 'py_5jyh61zyos2b', '', 0, 1),
	(43, 'ASET-PY/00000043/2016/6', 'py_AS-HDJ1', 'Mobil Honda Jazz', '2020-01-31', NULL, NULL, 0, '', '', '', NULL, NULL, NULL, NULL, NULL, NULL, 'Yes', 0, '2017-08-30 01:27:31', NULL, NULL, 'ASET-PY', 'py_5lx4hrhtoetv', '', 0, 1),
	(44, 'ASET-PY/00000044/2016/6', 'py_AS-HDJ1', 'Mobil Honda Jazz', '2020-02-29', NULL, NULL, 0, '', '', '', NULL, NULL, NULL, NULL, NULL, NULL, 'Yes', 0, '2017-08-30 01:27:31', NULL, NULL, 'ASET-PY', 'py_5o3amtqurt3n', '', 0, 1),
	(45, 'ASET-PY/00000045/2016/6', 'py_AS-HDJ1', 'Mobil Honda Jazz', '2020-03-31', NULL, NULL, 0, '', '', '', NULL, NULL, NULL, NULL, NULL, NULL, 'Yes', 0, '2017-08-30 01:27:31', NULL, NULL, 'ASET-PY', 'py_5q4c3fwforv7', '', 0, 1),
	(46, 'ASET-PY/00000046/2016/6', 'py_AS-HDJ1', 'Mobil Honda Jazz', '2020-04-30', NULL, NULL, 0, '', '', '', NULL, NULL, NULL, NULL, NULL, NULL, 'Yes', 0, '2017-08-30 01:27:31', NULL, NULL, 'ASET-PY', 'py_5s2ycv7s4vtf', '', 0, 1),
	(47, 'ASET-PY/00000047/2016/6', 'py_AS-HDJ1', 'Mobil Honda Jazz', '2020-05-31', NULL, NULL, 0, '', '', '', NULL, NULL, NULL, NULL, NULL, NULL, 'Yes', 0, '2017-08-30 01:27:31', NULL, NULL, 'ASET-PY', 'py_5uog1xzyi0pf', '', 0, 1),
	(48, 'ASET-PY/00000048/2016/6', 'py_AS-HDJ1', 'Mobil Honda Jazz', '2020-06-30', NULL, NULL, 0, '', '', '', NULL, NULL, NULL, NULL, NULL, NULL, 'Yes', 0, '2017-08-30 01:27:31', NULL, NULL, 'ASET-PY', 'py_5ww678g45lw3', '', 0, 1),
	(49, 'ASET-PY/00000049/2016/6', 'py_AS-HDJ1', 'Mobil Honda Jazz', '2020-07-31', NULL, NULL, 0, '', '', '', NULL, NULL, NULL, NULL, NULL, NULL, 'Yes', 0, '2017-08-30 01:27:31', NULL, NULL, 'ASET-PY', 'py_5yzbioufr6s3', '', 0, 1),
	(50, 'ASET-PY/00000050/2016/6', 'py_AS-HDJ1', 'Mobil Honda Jazz', '2020-08-31', NULL, NULL, 0, '', '', '', NULL, NULL, NULL, NULL, NULL, NULL, 'Yes', 0, '2017-08-30 01:27:31', NULL, NULL, 'ASET-PY', 'py_60x9blzxq9zn', '', 0, 1),
	(51, 'ASET-PY/00000051/2016/6', 'py_AS-HDJ1', 'Mobil Honda Jazz', '2020-09-30', NULL, NULL, 0, '', '', '', NULL, NULL, NULL, NULL, NULL, NULL, 'Yes', 0, '2017-08-30 01:27:31', NULL, NULL, 'ASET-PY', 'py_62ws71j2t2xf', '', 0, 1),
	(52, 'ASET-PY/00000052/2016/6', 'py_AS-HDJ1', 'Mobil Honda Jazz', '2020-10-31', NULL, NULL, 0, '', '', '', NULL, NULL, NULL, NULL, NULL, NULL, 'Yes', 0, '2017-08-30 01:27:31', NULL, NULL, 'ASET-PY', 'py_64wfblsa1z4j', '', 0, 1),
	(53, 'ASET-PY/00000053/2016/6', 'py_AS-HDJ1', 'Mobil Honda Jazz', '2020-11-30', NULL, NULL, 0, '', '', '', NULL, NULL, NULL, NULL, NULL, NULL, 'Yes', 0, '2017-08-30 01:27:31', NULL, NULL, 'ASET-PY', 'py_66wsoh66off7', '', 0, 1),
	(54, 'ASET-PY/00000054/2016/6', 'py_AS-HDJ1', 'Mobil Honda Jazz', '2020-12-31', NULL, NULL, 0, '', '', '', NULL, NULL, NULL, NULL, NULL, NULL, 'Yes', 0, '2017-08-30 01:27:31', NULL, NULL, 'ASET-PY', 'py_68ql91lejuab', '', 0, 1),
	(55, 'ASET-PY/00000055/2016/6', 'py_AS-HDJ1', 'Mobil Honda Jazz', '2021-01-31', NULL, NULL, 0, '', '', '', NULL, NULL, NULL, NULL, NULL, NULL, 'Yes', 0, '2017-08-30 01:27:31', NULL, NULL, 'ASET-PY', 'py_6ajpd3ury8er', '', 0, 1),
	(56, 'ASET-PY/00000056/2016/6', 'py_AS-HDJ1', 'Mobil Honda Jazz', '2021-02-28', NULL, NULL, 0, '', '', '', NULL, NULL, NULL, NULL, NULL, NULL, 'Yes', 0, '2017-08-30 01:27:31', NULL, NULL, 'ASET-PY', 'py_6d0ya7yyem8j', '', 0, 1),
	(57, 'ASET-PY/00000057/2016/6', 'py_AS-HDJ1', 'Mobil Honda Jazz', '2021-03-31', NULL, NULL, 0, '', '', '', NULL, NULL, NULL, NULL, NULL, NULL, 'Yes', 0, '2017-08-30 01:27:31', NULL, NULL, 'ASET-PY', 'py_6fcdpmfo11jn', '', 0, 1),
	(58, 'ASET-PY/00000058/2016/6', 'py_AS-HDJ1', 'Mobil Honda Jazz', '2021-04-30', NULL, NULL, 0, '', '', '', NULL, NULL, NULL, NULL, NULL, NULL, 'Yes', 0, '2017-08-30 01:27:31', NULL, NULL, 'ASET-PY', 'py_6hgv8kdc7ndf', '', 0, 1),
	(59, 'ASET-PY/00000059/2016/6', 'py_AS-HDJ1', 'Mobil Honda Jazz', '2021-05-31', NULL, NULL, 0, '', '', '', NULL, NULL, NULL, NULL, NULL, NULL, 'Yes', 0, '2017-08-30 01:27:31', NULL, NULL, 'ASET-PY', 'py_6jh7vwywh34j', '', 0, 1),
	(60, 'ASET-PY/00000060/2016/6', 'py_AS-HDJ1', 'Mobil Honda Jazz', '2021-06-30', NULL, NULL, 0, '', '', '', NULL, NULL, NULL, NULL, NULL, NULL, 'Yes', 0, '2017-08-30 01:27:31', NULL, NULL, 'ASET-PY', 'py_6lojuro6wdg3', '', 0, 1),
	(61, 'ASET-PY/00000061/2016/6', 'py_AS-HDJ1', 'Mobil Honda Jazz', '2021-07-31', NULL, NULL, 0, '', '', '', NULL, NULL, NULL, NULL, NULL, NULL, 'Yes', 0, '2017-08-30 01:27:31', NULL, NULL, 'ASET-PY', 'py_6nrwyyqah4b7', '', 0, 1),
	(62, 'ASET-PY/00000062/2016/6', 'py_AS-HDJ1', 'Mobil Honda Jazz', '2021-08-31', NULL, NULL, 0, '', '', '', NULL, NULL, NULL, NULL, NULL, NULL, 'Yes', 0, '2017-08-30 01:27:31', NULL, NULL, 'ASET-PY', 'py_6q67jsqyp8nn', '', 0, 1),
	(63, 'ASET-PY/00000063/2016/6', 'py_AS-HDJ1', 'Mobil Honda Jazz', '2021-09-30', NULL, NULL, 0, '', '', '', NULL, NULL, NULL, NULL, NULL, NULL, 'Yes', 0, '2017-08-30 01:27:31', NULL, NULL, 'ASET-PY', 'py_6s4u5zghbuvn', '', 0, 1),
	(64, 'ASET-PY/00000064/2016/6', 'py_AS-HDJ1', 'Mobil Honda Jazz', '2021-10-31', NULL, NULL, 0, '', '', '', NULL, NULL, NULL, NULL, NULL, NULL, 'Yes', 0, '2017-08-30 01:27:31', NULL, NULL, 'ASET-PY', 'py_6u3oxo7y45cj', '', 0, 1),
	(65, 'ASET-PY/00000065/2016/6', 'py_AS-HDJ1', 'Mobil Honda Jazz', '2021-11-30', NULL, NULL, 0, '', '', '', NULL, NULL, NULL, NULL, NULL, NULL, 'Yes', 0, '2017-08-30 01:27:31', NULL, NULL, 'ASET-PY', 'py_6wat3s9gk9oz', '', 0, 1),
	(66, 'ASET-PY/00000066/2016/6', 'py_AS-HDJ1', 'Mobil Honda Jazz', '2021-12-31', NULL, NULL, 0, '', '', '', NULL, NULL, NULL, NULL, NULL, NULL, 'Yes', 0, '2017-08-30 01:27:31', NULL, NULL, 'ASET-PY', 'py_6yrst456bggj', '', 0, 1),
	(67, 'ASET-PY/00000067/2016/6', 'py_AS-HDJ1', 'Mobil Honda Jazz', '2022-01-31', NULL, NULL, 0, '', '', '', NULL, NULL, NULL, NULL, NULL, NULL, 'Yes', 0, '2017-08-30 01:27:31', NULL, NULL, 'ASET-PY', 'py_70vj1grmkzdf', '', 0, 1),
	(68, 'ASET-PY/00000068/2016/6', 'py_AS-HDJ1', 'Mobil Honda Jazz', '2022-02-28', NULL, NULL, 0, '', '', '', NULL, NULL, NULL, NULL, NULL, NULL, 'Yes', 0, '2017-08-30 01:27:31', NULL, NULL, 'ASET-PY', 'py_72wfw6sz5clv', '', 0, 1),
	(69, 'ASET-PY/00000069/2016/6', 'py_AS-HDJ1', 'Mobil Honda Jazz', '2022-03-31', NULL, NULL, 0, '', '', '', NULL, NULL, NULL, NULL, NULL, NULL, 'Yes', 0, '2017-08-30 01:27:31', NULL, NULL, 'ASET-PY', 'py_74vbq5qyh5w3', '', 0, 1),
	(70, 'ASET-PY/00000070/2016/6', 'py_AS-HDJ1', 'Mobil Honda Jazz', '2022-04-30', NULL, NULL, 0, '', '', '', NULL, NULL, NULL, NULL, NULL, NULL, 'Yes', 0, '2017-08-30 01:27:31', NULL, NULL, 'ASET-PY', 'py_770jhetc1btf', '', 0, 1),
	(71, 'ASET-PY/00000071/2016/6', 'py_AS-HDJ1', 'Mobil Honda Jazz', '2022-05-31', NULL, NULL, 0, '', '', '', NULL, NULL, NULL, NULL, NULL, NULL, 'Yes', 0, '2017-08-30 01:27:31', NULL, NULL, 'ASET-PY', 'py_79kom8nzmxhv', '', 0, 1),
	(72, 'ASET-PY/00000072/2016/6', 'py_AS-HDJ1', 'Mobil Honda Jazz', '2022-06-30', NULL, NULL, 0, '', '', '', NULL, NULL, NULL, NULL, NULL, NULL, 'Yes', 0, '2017-08-30 01:27:31', NULL, NULL, 'ASET-PY', 'py_7bxx9nkaiqs3', '', 0, 1),
	(73, 'ASET-PY/00000073/2016/6', 'py_AS-HDJ1', 'Mobil Honda Jazz', '2022-07-31', NULL, NULL, 0, '', '', '', NULL, NULL, NULL, NULL, NULL, NULL, 'Yes', 0, '2017-08-30 01:27:31', NULL, NULL, 'ASET-PY', 'py_7e23t0an3m6r', '', 0, 1),
	(74, 'ASET-PY/00000074/2016/6', 'py_AS-HDJ1', 'Mobil Honda Jazz', '2022-08-31', NULL, NULL, 0, '', '', '', NULL, NULL, NULL, NULL, NULL, NULL, 'Yes', 0, '2017-08-30 01:27:31', NULL, NULL, 'ASET-PY', 'py_7gefhnkz687n', '', 0, 1),
	(75, 'ASET-PY/00000075/2016/6', 'py_AS-HDJ1', 'Mobil Honda Jazz', '2022-09-30', NULL, NULL, 0, '', '', '', NULL, NULL, NULL, NULL, NULL, NULL, 'Yes', 0, '2017-08-30 01:27:31', NULL, NULL, 'ASET-PY', 'py_7ie3oi0oyn83', '', 0, 1),
	(76, 'ASET-PY/00000076/2016/6', 'py_AS-HDJ1', 'Mobil Honda Jazz', '2022-10-31', NULL, NULL, 0, '', '', '', NULL, NULL, NULL, NULL, NULL, NULL, 'Yes', 0, '2017-08-30 01:27:31', NULL, NULL, 'ASET-PY', 'py_7kjy4ga23aj7', '', 0, 1),
	(77, 'ASET-PY/00000077/2016/6', 'py_AS-HDJ1', 'Mobil Honda Jazz', '2022-11-30', NULL, NULL, 0, '', '', '', NULL, NULL, NULL, NULL, NULL, NULL, 'Yes', 0, '2017-08-30 01:27:32', NULL, NULL, 'ASET-PY', 'py_14lhcqqr7ro', '', 0, 1),
	(78, 'ASET-PY/00000078/2016/6', 'py_AS-HDJ1', 'Mobil Honda Jazz', '2022-12-31', NULL, NULL, 0, '', '', '', NULL, NULL, NULL, NULL, NULL, NULL, 'Yes', 0, '2017-08-30 01:27:32', NULL, NULL, 'ASET-PY', 'py_3gpd9dauntg', '', 0, 1),
	(79, 'ASET-PY/00000079/2016/6', 'py_AS-HDJ1', 'Mobil Honda Jazz', '2023-01-31', NULL, NULL, 0, '', '', '', NULL, NULL, NULL, NULL, NULL, NULL, 'Yes', 0, '2017-08-30 01:27:32', NULL, NULL, 'ASET-PY', 'py_5jvqzy4zris', '', 0, 1),
	(80, 'ASET-PY/00000080/2016/6', 'py_AS-HDJ1', 'Mobil Honda Jazz', '2023-02-28', NULL, NULL, 0, '', '', '', NULL, NULL, NULL, NULL, NULL, NULL, 'Yes', 0, '2017-08-30 01:27:32', NULL, NULL, 'ASET-PY', 'py_7v0wbzvdgyc', '', 0, 1),
	(81, 'ASET-PY/00000081/2016/6', 'py_AS-HDJ1', 'Mobil Honda Jazz', '2023-03-31', NULL, NULL, 0, '', '', '', NULL, NULL, NULL, NULL, NULL, NULL, 'Yes', 0, '2017-08-30 01:27:32', NULL, NULL, 'ASET-PY', 'py_a1g96hd62ac', '', 0, 1),
	(82, 'ASET-PY/00000082/2016/6', 'py_AS-HDJ1', 'Mobil Honda Jazz', '2023-04-30', NULL, NULL, 0, '', '', '', NULL, NULL, NULL, NULL, NULL, NULL, 'Yes', 0, '2017-08-30 01:27:32', NULL, NULL, 'ASET-PY', 'py_c3s5h7frims', '', 0, 1),
	(83, 'ASET-PY/00000083/2016/6', 'py_AS-HDJ1', 'Mobil Honda Jazz', '2023-05-31', NULL, NULL, 0, '', '', '', NULL, NULL, NULL, NULL, NULL, NULL, 'Yes', 0, '2017-08-30 01:27:32', NULL, NULL, 'ASET-PY', 'py_ef0uf6vyas4', '', 0, 1),
	(84, 'ASET-PY/00000084/2016/6', 'py_AS-HDJ1', 'Mobil Honda Jazz', '2023-06-30', NULL, NULL, 0, '', '', '', NULL, NULL, NULL, NULL, NULL, NULL, 'Yes', 0, '2017-08-30 01:27:32', NULL, NULL, 'ASET-PY', 'py_h73okbx8zdg', '', 0, 1),
	(85, 'ASET-PY/00000085/2016/6', 'py_AS-HDJ1', 'Mobil Honda Jazz', '2023-07-31', NULL, NULL, 0, '', '', '', NULL, NULL, NULL, NULL, NULL, NULL, 'Yes', 0, '2017-08-30 01:27:32', NULL, NULL, 'ASET-PY', 'py_jovqrpdgrv8', '', 0, 1),
	(86, 'ASET-PY/00000086/2016/6', 'py_AS-HDJ1', 'Mobil Honda Jazz', '2023-08-31', NULL, NULL, 0, '', '', '', NULL, NULL, NULL, NULL, NULL, NULL, 'Yes', 0, '2017-08-30 01:27:32', NULL, NULL, 'ASET-PY', 'py_m2pnu7z71g4', '', 0, 1),
	(87, 'ASET-PY/00000087/2016/6', 'py_AS-HDJ1', 'Mobil Honda Jazz', '2023-09-30', NULL, NULL, 0, '', '', '', NULL, NULL, NULL, NULL, NULL, NULL, 'Yes', 0, '2017-08-30 01:27:32', NULL, NULL, 'ASET-PY', 'py_o5n6jyitgd0', '', 0, 1),
	(88, 'ASET-PY/00000088/2016/6', 'py_AS-HDJ1', 'Mobil Honda Jazz', '2023-10-31', NULL, NULL, 0, '', '', '', NULL, NULL, NULL, NULL, NULL, NULL, 'Yes', 0, '2017-08-30 01:27:32', NULL, NULL, 'ASET-PY', 'py_qdin9b96nmc', '', 0, 1),
	(89, 'ASET-PY/00000089/2016/6', 'py_AS-HDJ1', 'Mobil Honda Jazz', '2023-11-30', NULL, NULL, 0, '', '', '', NULL, NULL, NULL, NULL, NULL, NULL, 'Yes', 0, '2017-08-30 01:27:32', NULL, NULL, 'ASET-PY', 'py_vyy1pdh3huc', '', 0, 1),
	(90, 'ASET-PY/00000090/2016/6', 'py_AS-HDJ1', 'Mobil Honda Jazz', '2023-12-31', NULL, NULL, 0, '', '', '', NULL, NULL, NULL, NULL, NULL, NULL, 'Yes', 0, '2017-08-30 01:27:32', NULL, NULL, 'ASET-PY', 'py_y7hm5hvr7kk', '', 0, 1),
	(91, 'ASET-PY/00000091/2016/6', 'py_AS-HDJ1', 'Mobil Honda Jazz', '2024-01-31', NULL, NULL, 0, '', '', '', NULL, NULL, NULL, NULL, NULL, NULL, 'Yes', 0, '2017-08-30 01:27:32', NULL, NULL, 'ASET-PY', 'py_10iojaih1gd0', '', 0, 1),
	(92, 'ASET-PY/00000092/2016/6', 'py_AS-HDJ1', 'Mobil Honda Jazz', '2024-02-29', NULL, NULL, 0, '', '', '', NULL, NULL, NULL, NULL, NULL, NULL, 'Yes', 0, '2017-08-30 01:27:32', NULL, NULL, 'ASET-PY', 'py_12omiupjz6dw', '', 0, 1),
	(93, 'ASET-PY/00000093/2016/6', 'py_AS-HDJ1', 'Mobil Honda Jazz', '2024-03-31', NULL, NULL, 0, '', '', '', NULL, NULL, NULL, NULL, NULL, NULL, 'Yes', 0, '2017-08-30 01:27:32', NULL, NULL, 'ASET-PY', 'py_14unp9g6jgus', '', 0, 1),
	(94, 'ASET-PY/00000094/2016/6', 'py_AS-HDJ1', 'Mobil Honda Jazz', '2024-04-30', NULL, NULL, 0, '', '', '', NULL, NULL, NULL, NULL, NULL, NULL, 'Yes', 0, '2017-08-30 01:27:32', NULL, NULL, 'ASET-PY', 'py_1706sv41vvh0', '', 0, 1),
	(95, 'ASET-PY/00000095/2016/6', 'py_AS-HDJ1', 'Mobil Honda Jazz', '2024-05-31', NULL, NULL, 0, '', '', '', NULL, NULL, NULL, NULL, NULL, NULL, 'Yes', 0, '2017-08-30 01:27:32', NULL, NULL, 'ASET-PY', 'py_196cl5ywsrh0', '', 0, 1),
	(96, 'ASET-PY/00000096/2016/6', 'py_AS-HDJ1', 'Mobil Honda Jazz', '2024-06-30', NULL, NULL, 0, '', '', '', NULL, NULL, NULL, NULL, NULL, NULL, 'Yes', 0, '2017-08-30 01:27:32', NULL, NULL, 'ASET-PY', 'py_1bc5m2nl7dp0', '', 0, 1),
	(97, 'ASET-PY/00000097/2016/6', 'py_AS-HDJ1', 'Mobil Honda Jazz', '2024-07-31', NULL, NULL, 0, '', '', '', NULL, NULL, NULL, NULL, NULL, NULL, 'Yes', 0, '2017-08-30 01:27:32', NULL, NULL, 'ASET-PY', 'py_1hceuhkdckyc', '', 0, 1),
	(98, 'ASET-PY/00000098/2016/6', 'py_AS-HDJ1', 'Mobil Honda Jazz', '2024-08-31', NULL, NULL, 0, '', '', '', NULL, NULL, NULL, NULL, NULL, NULL, 'Yes', 0, '2017-08-30 01:27:32', NULL, NULL, 'ASET-PY', 'py_1jf4kgn4ztw4', '', 0, 1),
	(99, 'ASET-PY/00000099/2016/6', 'py_AS-HDJ1', 'Mobil Honda Jazz', '2024-09-30', NULL, NULL, 0, '', '', '', NULL, NULL, NULL, NULL, NULL, NULL, 'Yes', 0, '2017-08-30 01:27:32', NULL, NULL, 'ASET-PY', 'py_1levle888b2s', '', 0, 1),
	(100, 'ASET-PY/00000100/2016/6', 'py_AS-HDJ1', 'Mobil Honda Jazz', '2024-10-31', NULL, NULL, 0, '', '', '', NULL, NULL, NULL, NULL, NULL, NULL, 'Yes', 0, '2017-08-30 01:27:32', NULL, NULL, 'ASET-PY', 'py_1nhgph6riyhg', '', 0, 1),
	(101, 'ASET-PY/00000101/2016/6', 'py_AS-HDJ1', 'Mobil Honda Jazz', '2024-11-30', NULL, NULL, 0, '', '', '', NULL, NULL, NULL, NULL, NULL, NULL, 'Yes', 0, '2017-08-30 01:27:32', NULL, NULL, 'ASET-PY', 'py_1pgm3zrdqh3o', '', 0, 1),
	(102, 'ASET-PY/00000102/2016/6', 'py_AS-HDJ1', 'Mobil Honda Jazz', '2024-12-31', NULL, NULL, 0, '', '', '', NULL, NULL, NULL, NULL, NULL, NULL, 'Yes', 0, '2017-08-30 01:27:32', NULL, NULL, 'ASET-PY', 'py_1rmje164b6l0', '', 0, 1),
	(103, 'ASET-PY/00000103/2016/6', 'py_AS-HDJ1', 'Mobil Honda Jazz', '2025-01-31', NULL, NULL, 0, '', '', '', NULL, NULL, NULL, NULL, NULL, NULL, 'Yes', 0, '2017-08-30 01:27:32', NULL, NULL, 'ASET-PY', 'py_1u0bw241bf2s', '', 0, 1),
	(104, 'ASET-PY/00000104/2016/6', 'py_AS-HDJ1', 'Mobil Honda Jazz', '2025-02-28', NULL, NULL, 0, '', '', '', NULL, NULL, NULL, NULL, NULL, NULL, 'Yes', 0, '2017-08-30 01:27:32', NULL, NULL, 'ASET-PY', 'py_1w8q53bv9iqc', '', 0, 1),
	(105, 'ASET-PY/00000105/2016/6', 'py_AS-HDJ1', 'Mobil Honda Jazz', '2025-03-31', NULL, NULL, 0, '', '', '', NULL, NULL, NULL, NULL, NULL, NULL, 'Yes', 0, '2017-08-30 01:27:32', NULL, NULL, 'ASET-PY', 'py_1ydinmgv1uz8', '', 0, 1),
	(106, 'ASET-PY/00000106/2016/6', 'py_AS-HDJ1', 'Mobil Honda Jazz', '2025-04-30', NULL, NULL, 0, '', '', '', NULL, NULL, NULL, NULL, NULL, NULL, 'Yes', 0, '2017-08-30 01:27:32', NULL, NULL, 'ASET-PY', 'py_20icxykpqql0', '', 0, 1),
	(107, 'ASET-PY/00000107/2016/6', 'py_AS-HDJ1', 'Mobil Honda Jazz', '2025-05-31', NULL, NULL, 0, '', '', '', NULL, NULL, NULL, NULL, NULL, NULL, 'Yes', 0, '2017-08-30 01:27:32', NULL, NULL, 'ASET-PY', 'py_28ot0yivccno', '', 0, 1),
	(108, 'ASET-PY/00000108/2016/6', 'py_AS-HDJ1', 'Mobil Honda Jazz', '2025-06-30', NULL, NULL, 0, '', '', '', NULL, NULL, NULL, NULL, NULL, NULL, 'Yes', 0, '2017-08-30 01:27:32', NULL, NULL, 'ASET-PY', 'py_2aumrdzw3zf8', '', 0, 1),
	(109, 'ASET-PY/00000109/2016/6', 'py_AS-HDJ1', 'Mobil Honda Jazz', '2025-07-31', NULL, NULL, 0, '', '', '', NULL, NULL, NULL, NULL, NULL, NULL, 'Yes', 0, '2017-08-30 01:27:32', NULL, NULL, 'ASET-PY', 'py_2cva1kelsnbo', '', 0, 1),
	(110, 'ASET-PY/00000110/2016/6', 'py_AS-HDJ1', 'Mobil Honda Jazz', '2025-08-31', NULL, NULL, 0, '', '', '', NULL, NULL, NULL, NULL, NULL, NULL, 'Yes', 0, '2017-08-30 01:27:32', NULL, NULL, 'ASET-PY', 'py_2eyyuvgdc55g', '', 0, 1),
	(111, 'ASET-PY/00000111/2016/6', 'py_AS-HDJ1', 'Mobil Honda Jazz', '2025-09-30', NULL, NULL, 0, '', '', '', NULL, NULL, NULL, NULL, NULL, NULL, 'Yes', 0, '2017-08-30 01:27:32', NULL, NULL, 'ASET-PY', 'py_2gvocoeepses', '', 0, 1),
	(112, 'ASET-PY/00000112/2016/6', 'py_AS-HDJ1', 'Mobil Honda Jazz', '2025-10-31', NULL, NULL, 0, '', '', '', NULL, NULL, NULL, NULL, NULL, NULL, 'Yes', 0, '2017-08-30 01:27:32', NULL, NULL, 'ASET-PY', 'py_2iuqx3tnh8us', '', 0, 1),
	(113, 'ASET-PY/00000113/2016/6', 'py_AS-HDJ1', 'Mobil Honda Jazz', '2025-11-30', NULL, NULL, 0, '', '', '', NULL, NULL, NULL, NULL, NULL, NULL, 'Yes', 0, '2017-08-30 01:27:32', NULL, NULL, 'ASET-PY', 'py_2l08yfb0a4no', '', 0, 1),
	(114, 'ASET-PY/00000114/2016/6', 'py_AS-HDJ1', 'Mobil Honda Jazz', '2025-12-31', NULL, NULL, 0, '', '', '', NULL, NULL, NULL, NULL, NULL, NULL, 'Yes', 0, '2017-08-30 01:27:32', NULL, NULL, 'ASET-PY', 'py_2n2a7w7xgcus', '', 0, 1),
	(115, 'ASET-PY/00000115/2016/6', 'py_AS-HDJ1', 'Mobil Honda Jazz', '2026-01-31', NULL, NULL, 0, '', '', '', NULL, NULL, NULL, NULL, NULL, NULL, 'Yes', 0, '2017-08-30 01:27:32', NULL, NULL, 'ASET-PY', 'py_2pb1xuea9qtw', '', 0, 1),
	(116, 'ASET-PY/00000116/2016/6', 'py_AS-HDJ1', 'Mobil Honda Jazz', '2026-02-28', NULL, NULL, 0, '', '', '', NULL, NULL, NULL, NULL, NULL, NULL, 'Yes', 0, '2017-08-30 01:27:32', NULL, NULL, 'ASET-PY', 'py_2rdi39uf1afo', '', 0, 1),
	(117, 'ASET-PY/00000117/2016/6', 'py_AS-HDJ1', 'Mobil Honda Jazz', '2026-03-31', NULL, NULL, 0, '', '', '', NULL, NULL, NULL, NULL, NULL, NULL, 'Yes', 0, '2017-08-30 01:27:32', NULL, NULL, 'ASET-PY', 'py_2tkww7p2wmxg', '', 0, 1),
	(118, 'ASET-PY/00000118/2016/6', 'py_AS-HDJ1', 'Mobil Honda Jazz', '2026-04-30', NULL, NULL, 0, '', '', '', NULL, NULL, NULL, NULL, NULL, NULL, 'Yes', 0, '2017-08-30 01:27:32', NULL, NULL, 'ASET-PY', 'py_2vngl92xh990', '', 0, 1),
	(119, 'ASET-PY/00000119/2016/6', 'py_AS-HDJ1', 'Mobil Honda Jazz', '2026-05-31', NULL, NULL, 0, '', '', '', NULL, NULL, NULL, NULL, NULL, NULL, 'Yes', 0, '2017-08-30 01:27:32', NULL, NULL, 'ASET-PY', 'py_2xqzqdty4mqc', '', 0, 1),
	(120, 'ASET-PY/00000120/2016/6', 'py_AS-HDJ1', 'Mobil Honda Jazz', '2026-06-30', NULL, NULL, 0, '', '', '', NULL, NULL, NULL, NULL, NULL, NULL, 'Yes', 0, '2017-08-30 01:27:32', NULL, NULL, 'ASET-PY', 'py_2zqagbb51rf8', '', 0, 1),
	(121, 'ASET-PY/00000121/2016/6', 'py_AS-HDJ1', 'Mobil Honda Jazz', '2026-07-31', NULL, NULL, 0, '', '', '', NULL, NULL, NULL, NULL, NULL, NULL, 'Yes', 0, '2017-08-30 01:27:32', NULL, NULL, 'ASET-PY', 'py_31ybxycshlas', '', 0, 1),
	(122, 'SA2016', 'SA2016', 'Saldo Awal 2016', '2016-01-01', NULL, NULL, 0, '', '', '', NULL, NULL, NULL, NULL, NULL, NULL, 'Yes', 0, '2017-08-30 11:54:30', NULL, NULL, 'JU', '1sz0svjif4zq', '', 0, 1),
	(123, 'BKM/00000123/2016/6', 'Kas1', 'Pengisian Kas', '2016-08-03', NULL, NULL, 10000000, '', '', '', NULL, NULL, '', '', '', '', 'Yes', 0, '2017-08-30 12:24:26', -1, '2017-09-17 18:58:11', 'BKM', '2yk2uuvq3nu', '', 0, 0),
	(124, 'BKK/00000124/2016/6', 'BKK1', 'Bayar Beban Rapat', '2016-08-04', NULL, NULL, 0, '', '', '', NULL, NULL, '', '', '', '', 'Yes', 0, '2017-08-30 12:27:39', NULL, NULL, 'BKK', '6om9g5zfm7yj', '', 0, 1),
	(125, 'BKK/00000125/2016/6', 'BKK2', 'Setor Ke Bank', '2016-08-04', NULL, NULL, 0, '', '', '', NULL, NULL, '', '', '', '', 'Yes', 0, '2017-08-30 12:30:20', NULL, NULL, 'BKK', '3uvcok8o33os', '', 0, 1),
	(126, 'BKK/00000126/2016/6', 'BKK3', 'Bayar Gaji Karyawan', '2016-08-05', NULL, NULL, 0, '', '', '', NULL, NULL, '', '', '', '', 'Yes', 0, '2017-08-30 12:33:02', NULL, NULL, 'BKK', '3mvn21jy4nim', '', 0, 1),
	(127, 'BKM/00000127/2016/6', 'BKM2', 'Pemasukan Kas', '2016-08-05', NULL, NULL, 0, '', '', '', NULL, NULL, '', '', '', '', 'Yes', 0, '2017-08-30 12:35:39', NULL, NULL, 'BKM', '63kgp39zkl2j', '', 0, 1),
	(128, 'BKM/00000128/2016/6', 'BKK3', 'Menerima Donatur Pribadi Pak Ibnu, Cash', '2016-08-06', NULL, NULL, 80000000, '', '', '', NULL, NULL, '', '', '', '', 'Yes', 0, '2017-08-30 12:37:47', -1, '2017-09-17 18:50:43', 'BKM', '3fzz28vhce23', '', 0, 0),
	(129, 'BKK/00000129/2016/6', 'BKK5', 'Sewa Kantor Dibayar di Muka', '2016-08-10', NULL, NULL, 0, '', '', '', NULL, NULL, '', '', '', '', 'Yes', 0, '2017-08-30 12:40:01', NULL, NULL, 'BKK', '4un8q03psj5', '', 0, 1),
	(130, 'JU/00000130/2016/6', 'SW1', 'Penyesuaian Sewa Kantor di pakai 1 bulan', '2016-08-31', NULL, NULL, 0, '', '', '', NULL, NULL, NULL, NULL, NULL, NULL, 'Yes', 0, '2017-08-30 12:43:22', NULL, NULL, 'JU', '5ktd53wjrtdm', '', 0, 1),
	(136, '201711021', NULL, 'Penggajian', '2017-11-06', NULL, NULL, 0, '', '', '', NULL, NULL, NULL, NULL, NULL, NULL, '', 0, '2017-11-06 04:15:48', NULL, NULL, 'GAJI', '', '1_1_2017_11', 0, 1),
	(137, '201711022', NULL, 'Penggajian', '2017-11-06', NULL, NULL, 0, '', '', '', NULL, NULL, NULL, NULL, NULL, NULL, '', 0, '2017-11-06 12:43:30', NULL, NULL, 'GAJI', '', '2_1_2017_11', 0, 1),
	(138, '201711023', NULL, 'Penggajian', '2017-11-06', NULL, NULL, 0, '', '', '', NULL, NULL, NULL, NULL, NULL, NULL, '', 0, '2017-11-06 13:52:54', NULL, NULL, 'GAJI', '', '3_1_2017_11', 0, 1),
	(140, '201711025', '', 'FF', '2017-11-07', NULL, NULL, 0, 'Proyek', '1', '1', NULL, NULL, '1', '', '', '3', '', 0, '2017-11-08 01:32:54', NULL, NULL, 'BKM', '61j3jd4ua408', NULL, 0, 1),
	(141, '201711026', '', 'AA', '2017-11-15', NULL, NULL, 0, 'Program', '1', '1', NULL, '2', '1', '', '', 'Anto Rusti', '', 0, '2017-11-08 01:35:21', NULL, NULL, 'BKM', '77yofkmod30g', NULL, 0, 1);
/*!40000 ALTER TABLE `trs_jurnal` ENABLE KEYS */;


-- Dumping structure for table akuntansi.trs_jurnal_detail
DROP TABLE IF EXISTS `trs_jurnal_detail`;
CREATE TABLE IF NOT EXISTS `trs_jurnal_detail` (
  `id_jurnal_detail` bigint(20) NOT NULL AUTO_INCREMENT,
  `id_jurnal` bigint(20) NOT NULL,
  `id_akun` int(11) NOT NULL,
  `uraian` varchar(160) DEFAULT NULL,
  `amount` float NOT NULL,
  `debet` float NOT NULL,
  `kredit` float NOT NULL,
  PRIMARY KEY (`id_jurnal_detail`)
) ENGINE=InnoDB AUTO_INCREMENT=321 DEFAULT CHARSET=latin1;

-- Dumping data for table akuntansi.trs_jurnal_detail: ~223 rows (approximately)
/*!40000 ALTER TABLE `trs_jurnal_detail` DISABLE KEYS */;
INSERT INTO `trs_jurnal_detail` (`id_jurnal_detail`, `id_jurnal`, `id_akun`, `uraian`, `amount`, `debet`, `kredit`) VALUES
	(1, 1, 154, 'Mobil Honda Jazz', 0, 240000000, 0),
	(2, 1, 218, 'Mobil Honda Jazz', 0, 0, 240000000),
	(3, 2, 486, 'Mobil Honda Jazz', 0, 2000000, 0),
	(4, 2, 156, 'Mobil Honda Jazz', 0, 0, 2000000),
	(5, 3, 486, 'Mobil Honda Jazz', 0, 2000000, 0),
	(6, 3, 156, 'Mobil Honda Jazz', 0, 0, 2000000),
	(7, 4, 486, 'Mobil Honda Jazz', 0, 2000000, 0),
	(8, 4, 156, 'Mobil Honda Jazz', 0, 0, 2000000),
	(9, 5, 486, 'Mobil Honda Jazz', 0, 2000000, 0),
	(10, 5, 156, 'Mobil Honda Jazz', 0, 0, 2000000),
	(11, 6, 486, 'Mobil Honda Jazz', 0, 2000000, 0),
	(12, 6, 156, 'Mobil Honda Jazz', 0, 0, 2000000),
	(13, 7, 486, 'Mobil Honda Jazz', 0, 2000000, 0),
	(14, 7, 156, 'Mobil Honda Jazz', 0, 0, 2000000),
	(15, 8, 486, 'Mobil Honda Jazz', 0, 2000000, 0),
	(16, 8, 156, 'Mobil Honda Jazz', 0, 0, 2000000),
	(17, 9, 486, 'Mobil Honda Jazz', 0, 2000000, 0),
	(18, 9, 156, 'Mobil Honda Jazz', 0, 0, 2000000),
	(19, 10, 486, 'Mobil Honda Jazz', 0, 2000000, 0),
	(20, 10, 156, 'Mobil Honda Jazz', 0, 0, 2000000),
	(21, 11, 486, 'Mobil Honda Jazz', 0, 2000000, 0),
	(22, 11, 156, 'Mobil Honda Jazz', 0, 0, 2000000),
	(23, 12, 486, 'Mobil Honda Jazz', 0, 2000000, 0),
	(24, 12, 156, 'Mobil Honda Jazz', 0, 0, 2000000),
	(25, 13, 486, 'Mobil Honda Jazz', 0, 2000000, 0),
	(26, 13, 156, 'Mobil Honda Jazz', 0, 0, 2000000),
	(27, 14, 486, 'Mobil Honda Jazz', 0, 2000000, 0),
	(28, 14, 156, 'Mobil Honda Jazz', 0, 0, 2000000),
	(29, 15, 486, 'Mobil Honda Jazz', 0, 2000000, 0),
	(30, 15, 156, 'Mobil Honda Jazz', 0, 0, 2000000),
	(31, 16, 486, 'Mobil Honda Jazz', 0, 2000000, 0),
	(32, 16, 156, 'Mobil Honda Jazz', 0, 0, 2000000),
	(33, 17, 486, 'Mobil Honda Jazz', 0, 2000000, 0),
	(34, 17, 156, 'Mobil Honda Jazz', 0, 0, 2000000),
	(35, 18, 486, 'Mobil Honda Jazz', 0, 2000000, 0),
	(36, 18, 156, 'Mobil Honda Jazz', 0, 0, 2000000),
	(37, 19, 486, 'Mobil Honda Jazz', 0, 2000000, 0),
	(38, 19, 156, 'Mobil Honda Jazz', 0, 0, 2000000),
	(39, 20, 486, 'Mobil Honda Jazz', 0, 2000000, 0),
	(40, 20, 156, 'Mobil Honda Jazz', 0, 0, 2000000),
	(41, 21, 486, 'Mobil Honda Jazz', 0, 2000000, 0),
	(42, 21, 156, 'Mobil Honda Jazz', 0, 0, 2000000),
	(43, 22, 486, 'Mobil Honda Jazz', 0, 2000000, 0),
	(44, 22, 156, 'Mobil Honda Jazz', 0, 0, 2000000),
	(45, 23, 486, 'Mobil Honda Jazz', 0, 2000000, 0),
	(46, 23, 156, 'Mobil Honda Jazz', 0, 0, 2000000),
	(47, 24, 486, 'Mobil Honda Jazz', 0, 2000000, 0),
	(48, 24, 156, 'Mobil Honda Jazz', 0, 0, 2000000),
	(49, 25, 486, 'Mobil Honda Jazz', 0, 2000000, 0),
	(50, 25, 156, 'Mobil Honda Jazz', 0, 0, 2000000),
	(51, 26, 486, 'Mobil Honda Jazz', 0, 2000000, 0),
	(52, 26, 156, 'Mobil Honda Jazz', 0, 0, 2000000),
	(53, 27, 486, 'Mobil Honda Jazz', 0, 2000000, 0),
	(54, 27, 156, 'Mobil Honda Jazz', 0, 0, 2000000),
	(55, 28, 486, 'Mobil Honda Jazz', 0, 2000000, 0),
	(56, 28, 156, 'Mobil Honda Jazz', 0, 0, 2000000),
	(57, 29, 486, 'Mobil Honda Jazz', 0, 2000000, 0),
	(58, 29, 156, 'Mobil Honda Jazz', 0, 0, 2000000),
	(59, 30, 486, 'Mobil Honda Jazz', 0, 2000000, 0),
	(60, 30, 156, 'Mobil Honda Jazz', 0, 0, 2000000),
	(61, 31, 486, 'Mobil Honda Jazz', 0, 2000000, 0),
	(62, 31, 156, 'Mobil Honda Jazz', 0, 0, 2000000),
	(63, 32, 486, 'Mobil Honda Jazz', 0, 2000000, 0),
	(64, 32, 156, 'Mobil Honda Jazz', 0, 0, 2000000),
	(65, 33, 486, 'Mobil Honda Jazz', 0, 2000000, 0),
	(66, 33, 156, 'Mobil Honda Jazz', 0, 0, 2000000),
	(67, 34, 486, 'Mobil Honda Jazz', 0, 2000000, 0),
	(68, 34, 156, 'Mobil Honda Jazz', 0, 0, 2000000),
	(69, 35, 486, 'Mobil Honda Jazz', 0, 2000000, 0),
	(70, 35, 156, 'Mobil Honda Jazz', 0, 0, 2000000),
	(71, 36, 486, 'Mobil Honda Jazz', 0, 2000000, 0),
	(72, 36, 156, 'Mobil Honda Jazz', 0, 0, 2000000),
	(73, 37, 486, 'Mobil Honda Jazz', 0, 2000000, 0),
	(74, 37, 156, 'Mobil Honda Jazz', 0, 0, 2000000),
	(75, 38, 486, 'Mobil Honda Jazz', 0, 2000000, 0),
	(76, 38, 156, 'Mobil Honda Jazz', 0, 0, 2000000),
	(77, 39, 486, 'Mobil Honda Jazz', 0, 2000000, 0),
	(78, 39, 156, 'Mobil Honda Jazz', 0, 0, 2000000),
	(79, 40, 486, 'Mobil Honda Jazz', 0, 2000000, 0),
	(80, 40, 156, 'Mobil Honda Jazz', 0, 0, 2000000),
	(81, 41, 486, 'Mobil Honda Jazz', 0, 2000000, 0),
	(82, 41, 156, 'Mobil Honda Jazz', 0, 0, 2000000),
	(83, 42, 486, 'Mobil Honda Jazz', 0, 2000000, 0),
	(84, 42, 156, 'Mobil Honda Jazz', 0, 0, 2000000),
	(85, 43, 486, 'Mobil Honda Jazz', 0, 2000000, 0),
	(86, 43, 156, 'Mobil Honda Jazz', 0, 0, 2000000),
	(87, 44, 486, 'Mobil Honda Jazz', 0, 2000000, 0),
	(88, 44, 156, 'Mobil Honda Jazz', 0, 0, 2000000),
	(89, 45, 486, 'Mobil Honda Jazz', 0, 2000000, 0),
	(90, 45, 156, 'Mobil Honda Jazz', 0, 0, 2000000),
	(91, 46, 486, 'Mobil Honda Jazz', 0, 2000000, 0),
	(92, 46, 156, 'Mobil Honda Jazz', 0, 0, 2000000),
	(93, 47, 486, 'Mobil Honda Jazz', 0, 2000000, 0),
	(94, 47, 156, 'Mobil Honda Jazz', 0, 0, 2000000),
	(95, 48, 486, 'Mobil Honda Jazz', 0, 2000000, 0),
	(96, 48, 156, 'Mobil Honda Jazz', 0, 0, 2000000),
	(97, 49, 486, 'Mobil Honda Jazz', 0, 2000000, 0),
	(98, 49, 156, 'Mobil Honda Jazz', 0, 0, 2000000),
	(99, 50, 486, 'Mobil Honda Jazz', 0, 2000000, 0),
	(100, 50, 156, 'Mobil Honda Jazz', 0, 0, 2000000),
	(101, 51, 486, 'Mobil Honda Jazz', 0, 2000000, 0),
	(102, 51, 156, 'Mobil Honda Jazz', 0, 0, 2000000),
	(103, 52, 486, 'Mobil Honda Jazz', 0, 2000000, 0),
	(104, 52, 156, 'Mobil Honda Jazz', 0, 0, 2000000),
	(105, 53, 486, 'Mobil Honda Jazz', 0, 2000000, 0),
	(106, 53, 156, 'Mobil Honda Jazz', 0, 0, 2000000),
	(107, 54, 486, 'Mobil Honda Jazz', 0, 2000000, 0),
	(108, 54, 156, 'Mobil Honda Jazz', 0, 0, 2000000),
	(109, 55, 486, 'Mobil Honda Jazz', 0, 2000000, 0),
	(110, 55, 156, 'Mobil Honda Jazz', 0, 0, 2000000),
	(111, 56, 486, 'Mobil Honda Jazz', 0, 2000000, 0),
	(112, 56, 156, 'Mobil Honda Jazz', 0, 0, 2000000),
	(113, 57, 486, 'Mobil Honda Jazz', 0, 2000000, 0),
	(114, 57, 156, 'Mobil Honda Jazz', 0, 0, 2000000),
	(115, 58, 486, 'Mobil Honda Jazz', 0, 2000000, 0),
	(116, 58, 156, 'Mobil Honda Jazz', 0, 0, 2000000),
	(117, 59, 486, 'Mobil Honda Jazz', 0, 2000000, 0),
	(118, 59, 156, 'Mobil Honda Jazz', 0, 0, 2000000),
	(119, 60, 486, 'Mobil Honda Jazz', 0, 2000000, 0),
	(120, 60, 156, 'Mobil Honda Jazz', 0, 0, 2000000),
	(121, 61, 486, 'Mobil Honda Jazz', 0, 2000000, 0),
	(122, 61, 156, 'Mobil Honda Jazz', 0, 0, 2000000),
	(123, 62, 486, 'Mobil Honda Jazz', 0, 2000000, 0),
	(124, 62, 156, 'Mobil Honda Jazz', 0, 0, 2000000),
	(125, 63, 486, 'Mobil Honda Jazz', 0, 2000000, 0),
	(126, 63, 156, 'Mobil Honda Jazz', 0, 0, 2000000),
	(127, 64, 486, 'Mobil Honda Jazz', 0, 2000000, 0),
	(128, 64, 156, 'Mobil Honda Jazz', 0, 0, 2000000),
	(129, 65, 486, 'Mobil Honda Jazz', 0, 2000000, 0),
	(130, 65, 156, 'Mobil Honda Jazz', 0, 0, 2000000),
	(131, 66, 486, 'Mobil Honda Jazz', 0, 2000000, 0),
	(132, 66, 156, 'Mobil Honda Jazz', 0, 0, 2000000),
	(133, 67, 486, 'Mobil Honda Jazz', 0, 2000000, 0),
	(134, 67, 156, 'Mobil Honda Jazz', 0, 0, 2000000),
	(135, 68, 486, 'Mobil Honda Jazz', 0, 2000000, 0),
	(136, 68, 156, 'Mobil Honda Jazz', 0, 0, 2000000),
	(137, 69, 486, 'Mobil Honda Jazz', 0, 2000000, 0),
	(138, 69, 156, 'Mobil Honda Jazz', 0, 0, 2000000),
	(139, 70, 486, 'Mobil Honda Jazz', 0, 2000000, 0),
	(140, 70, 156, 'Mobil Honda Jazz', 0, 0, 2000000),
	(141, 71, 486, 'Mobil Honda Jazz', 0, 2000000, 0),
	(142, 71, 156, 'Mobil Honda Jazz', 0, 0, 2000000),
	(143, 72, 486, 'Mobil Honda Jazz', 0, 2000000, 0),
	(144, 72, 156, 'Mobil Honda Jazz', 0, 0, 2000000),
	(145, 73, 486, 'Mobil Honda Jazz', 0, 2000000, 0),
	(146, 73, 156, 'Mobil Honda Jazz', 0, 0, 2000000),
	(147, 74, 486, 'Mobil Honda Jazz', 0, 2000000, 0),
	(148, 74, 156, 'Mobil Honda Jazz', 0, 0, 2000000),
	(149, 75, 486, 'Mobil Honda Jazz', 0, 2000000, 0),
	(150, 75, 156, 'Mobil Honda Jazz', 0, 0, 2000000),
	(151, 76, 486, 'Mobil Honda Jazz', 0, 2000000, 0),
	(152, 76, 156, 'Mobil Honda Jazz', 0, 0, 2000000),
	(153, 77, 486, 'Mobil Honda Jazz', 0, 2000000, 0),
	(154, 77, 156, 'Mobil Honda Jazz', 0, 0, 2000000),
	(155, 78, 486, 'Mobil Honda Jazz', 0, 2000000, 0),
	(156, 78, 156, 'Mobil Honda Jazz', 0, 0, 2000000),
	(157, 79, 486, 'Mobil Honda Jazz', 0, 2000000, 0),
	(158, 79, 156, 'Mobil Honda Jazz', 0, 0, 2000000),
	(159, 80, 486, 'Mobil Honda Jazz', 0, 2000000, 0),
	(160, 80, 156, 'Mobil Honda Jazz', 0, 0, 2000000),
	(161, 81, 486, 'Mobil Honda Jazz', 0, 2000000, 0),
	(162, 81, 156, 'Mobil Honda Jazz', 0, 0, 2000000),
	(163, 82, 486, 'Mobil Honda Jazz', 0, 2000000, 0),
	(164, 82, 156, 'Mobil Honda Jazz', 0, 0, 2000000),
	(165, 83, 486, 'Mobil Honda Jazz', 0, 2000000, 0),
	(166, 83, 156, 'Mobil Honda Jazz', 0, 0, 2000000),
	(167, 84, 486, 'Mobil Honda Jazz', 0, 2000000, 0),
	(168, 84, 156, 'Mobil Honda Jazz', 0, 0, 2000000),
	(169, 85, 486, 'Mobil Honda Jazz', 0, 2000000, 0),
	(170, 85, 156, 'Mobil Honda Jazz', 0, 0, 2000000),
	(171, 86, 486, 'Mobil Honda Jazz', 0, 2000000, 0),
	(172, 86, 156, 'Mobil Honda Jazz', 0, 0, 2000000),
	(173, 87, 486, 'Mobil Honda Jazz', 0, 2000000, 0),
	(174, 87, 156, 'Mobil Honda Jazz', 0, 0, 2000000),
	(175, 88, 486, 'Mobil Honda Jazz', 0, 2000000, 0),
	(176, 88, 156, 'Mobil Honda Jazz', 0, 0, 2000000),
	(177, 89, 486, 'Mobil Honda Jazz', 0, 2000000, 0),
	(178, 89, 156, 'Mobil Honda Jazz', 0, 0, 2000000),
	(179, 90, 486, 'Mobil Honda Jazz', 0, 2000000, 0),
	(180, 90, 156, 'Mobil Honda Jazz', 0, 0, 2000000),
	(181, 91, 486, 'Mobil Honda Jazz', 0, 2000000, 0),
	(182, 91, 156, 'Mobil Honda Jazz', 0, 0, 2000000),
	(183, 92, 486, 'Mobil Honda Jazz', 0, 2000000, 0),
	(184, 92, 156, 'Mobil Honda Jazz', 0, 0, 2000000),
	(185, 93, 486, 'Mobil Honda Jazz', 0, 2000000, 0),
	(186, 93, 156, 'Mobil Honda Jazz', 0, 0, 2000000),
	(187, 94, 486, 'Mobil Honda Jazz', 0, 2000000, 0),
	(188, 94, 156, 'Mobil Honda Jazz', 0, 0, 2000000),
	(189, 95, 486, 'Mobil Honda Jazz', 0, 2000000, 0),
	(190, 95, 156, 'Mobil Honda Jazz', 0, 0, 2000000),
	(191, 96, 486, 'Mobil Honda Jazz', 0, 2000000, 0),
	(192, 96, 156, 'Mobil Honda Jazz', 0, 0, 2000000),
	(193, 97, 486, 'Mobil Honda Jazz', 0, 2000000, 0),
	(194, 97, 156, 'Mobil Honda Jazz', 0, 0, 2000000),
	(195, 98, 486, 'Mobil Honda Jazz', 0, 2000000, 0),
	(196, 98, 156, 'Mobil Honda Jazz', 0, 0, 2000000),
	(197, 99, 486, 'Mobil Honda Jazz', 0, 2000000, 0),
	(198, 99, 156, 'Mobil Honda Jazz', 0, 0, 2000000),
	(199, 100, 486, 'Mobil Honda Jazz', 0, 2000000, 0),
	(200, 100, 156, 'Mobil Honda Jazz', 0, 0, 2000000),
	(201, 101, 486, 'Mobil Honda Jazz', 0, 2000000, 0),
	(202, 101, 156, 'Mobil Honda Jazz', 0, 0, 2000000),
	(203, 102, 486, 'Mobil Honda Jazz', 0, 2000000, 0),
	(204, 102, 156, 'Mobil Honda Jazz', 0, 0, 2000000),
	(205, 103, 486, 'Mobil Honda Jazz', 0, 2000000, 0),
	(206, 103, 156, 'Mobil Honda Jazz', 0, 0, 2000000),
	(207, 104, 486, 'Mobil Honda Jazz', 0, 2000000, 0),
	(208, 104, 156, 'Mobil Honda Jazz', 0, 0, 2000000),
	(209, 105, 486, 'Mobil Honda Jazz', 0, 2000000, 0),
	(210, 105, 156, 'Mobil Honda Jazz', 0, 0, 2000000),
	(211, 106, 486, 'Mobil Honda Jazz', 0, 2000000, 0),
	(212, 106, 156, 'Mobil Honda Jazz', 0, 0, 2000000),
	(213, 107, 486, 'Mobil Honda Jazz', 0, 2000000, 0),
	(214, 107, 156, 'Mobil Honda Jazz', 0, 0, 2000000),
	(215, 108, 486, 'Mobil Honda Jazz', 0, 2000000, 0),
	(216, 108, 156, 'Mobil Honda Jazz', 0, 0, 2000000),
	(217, 109, 486, 'Mobil Honda Jazz', 0, 2000000, 0),
	(218, 109, 156, 'Mobil Honda Jazz', 0, 0, 2000000),
	(219, 110, 486, 'Mobil Honda Jazz', 0, 2000000, 0),
	(220, 110, 156, 'Mobil Honda Jazz', 0, 0, 2000000),
	(221, 111, 486, 'Mobil Honda Jazz', 0, 2000000, 0),
	(222, 111, 156, 'Mobil Honda Jazz', 0, 0, 2000000),
	(223, 112, 486, 'Mobil Honda Jazz', 0, 2000000, 0),
	(224, 112, 156, 'Mobil Honda Jazz', 0, 0, 2000000),
	(225, 113, 486, 'Mobil Honda Jazz', 0, 2000000, 0),
	(226, 113, 156, 'Mobil Honda Jazz', 0, 0, 2000000),
	(227, 114, 486, 'Mobil Honda Jazz', 0, 2000000, 0),
	(228, 114, 156, 'Mobil Honda Jazz', 0, 0, 2000000),
	(229, 115, 486, 'Mobil Honda Jazz', 0, 2000000, 0),
	(230, 115, 156, 'Mobil Honda Jazz', 0, 0, 2000000),
	(231, 116, 486, 'Mobil Honda Jazz', 0, 2000000, 0),
	(232, 116, 156, 'Mobil Honda Jazz', 0, 0, 2000000),
	(233, 117, 486, 'Mobil Honda Jazz', 0, 2000000, 0),
	(234, 117, 156, 'Mobil Honda Jazz', 0, 0, 2000000),
	(235, 118, 486, 'Mobil Honda Jazz', 0, 2000000, 0),
	(236, 118, 156, 'Mobil Honda Jazz', 0, 0, 2000000),
	(237, 119, 486, 'Mobil Honda Jazz', 0, 2000000, 0),
	(238, 119, 156, 'Mobil Honda Jazz', 0, 0, 2000000),
	(239, 120, 486, 'Mobil Honda Jazz', 0, 2000000, 0),
	(240, 120, 156, 'Mobil Honda Jazz', 0, 0, 2000000),
	(241, 121, 486, 'Mobil Honda Jazz', 0, 2000000, 0),
	(242, 121, 156, 'Mobil Honda Jazz', 0, 0, 2000000),
	(243, 122, 320, 'Kas', 0, 1200000, 0),
	(244, 122, 7, 'Bank Muamalat', 0, 27300000, 0),
	(245, 122, 9, 'Bank Cimb Niaga Syariah', 0, 800000, 0),
	(246, 122, 234, 'Terikat Temporer', 0, 0, 29300000),
	(249, 124, 422, 'Beban Rapat', 0, 500000, 0),
	(250, 124, 320, 'Bayar Beban Rapat', 0, 0, 500000),
	(251, 125, 9, 'Bank Cimb Niaga Syariah', 0, 5000000, 0),
	(252, 125, 320, 'Setor Ke Bank', 0, 0, 5000000),
	(253, 126, 391, 'Beban Gaji Karyawan', 0, 4000000, 0),
	(254, 126, 320, 'Bayar Gaji Karyawan', 0, 0, 4000000),
	(255, 127, 320, 'Pemasukan Kas', 0, 90000000, 0),
	(256, 127, 376, 'Sekolah Pasar Modal Syariah', 0, 0, 90000000),
	(259, 129, 101, 'Sewa Kantor dibayar di muka', 0, 150000000, 0),
	(260, 129, 320, 'Sewa Kantor Dibayar di Muka', 0, 0, 150000000),
	(261, 130, 400, 'Beban Sewa Kantor', 0, 2500000, 0),
	(262, 130, 101, 'Sewa Kantor dibayar di muka', 0, 0, 2500000),
	(283, 128, 320, 'Menerima Donatur Pribadi Pak Ibnu, Cash', 80000000, 80000000, 0),
	(284, 128, 377, 'Donasi', -80000000, 0, 80000000),
	(285, 123, 320, 'Pengisian Kas', 10000000, 10000000, 0),
	(286, 123, 7, 'Bank Muamalat', -10000000, 0, 10000000),
	(287, 136, 154, 'Mobil', 0, 240000000, 0),
	(288, 136, 218, 'Bank Muamalat', 0, 0, 240000000),
	(307, 135, 1, 'Penggajian', 0, 5000000, 0),
	(308, 135, 2, 'Penggajian', 0, 0, 5000000),
	(309, 136, 1, 'Penggajian', 0, 5000000, 0),
	(310, 136, 2, 'Penggajian', 0, 0, 5000000),
	(311, 137, 1, 'Penggajian', 0, 3000000, 0),
	(312, 137, 2, 'Penggajian', 0, 0, 3000000),
	(313, 138, 1, 'Penggajian', 0, 10, 0),
	(314, 138, 2, 'Penggajian', 0, 0, 10),
	(315, 139, 9, 'oo', 0, 10, 0),
	(316, 139, 376, 'Sekolah Pasar Modal Syariah', 0, 0, 10),
	(317, 140, 9, 'FF', 0, 110, 0),
	(318, 140, 376, 'Sekolah Pasar Modal Syariah', 0, 0, 110),
	(319, 141, 7, 'AA', 0, 10, 0),
	(320, 141, 374, 'Seminar', 0, 0, 10);
/*!40000 ALTER TABLE `trs_jurnal_detail` ENABLE KEYS */;


-- Dumping structure for view akuntansi.trs_jurnal_detail_v
DROP VIEW IF EXISTS `trs_jurnal_detail_v`;
-- Creating temporary table to overcome VIEW dependency errors
CREATE TABLE `trs_jurnal_detail_v` (
	`id_jurnal_detail` BIGINT(20) NOT NULL,
	`id_jurnal` BIGINT(20) NOT NULL,
	`id_akun` INT(11) NOT NULL,
	`uraian` VARCHAR(160) NULL COLLATE 'latin1_swedish_ci',
	`amount` FLOAT NOT NULL,
	`debet` FLOAT NOT NULL,
	`kredit` FLOAT NOT NULL,
	`kode_akun` VARCHAR(20) NOT NULL COLLATE 'latin1_swedish_ci',
	`tanggal` DATE NOT NULL,
	`no_bukti` VARCHAR(40) NULL COLLATE 'latin1_swedish_ci'
) ENGINE=MyISAM;


-- Dumping structure for table akuntansi.trs_laba_rugi
DROP TABLE IF EXISTS `trs_laba_rugi`;
CREATE TABLE IF NOT EXISTS `trs_laba_rugi` (
  `id_laba_rugi` bigint(20) NOT NULL AUTO_INCREMENT,
  `periode_laba_rugi` date NOT NULL,
  `laba_rugi` float NOT NULL,
  `company_id` int(11) NOT NULL,
  PRIMARY KEY (`id_laba_rugi`)
) ENGINE=InnoDB AUTO_INCREMENT=11 DEFAULT CHARSET=latin1;

-- Dumping data for table akuntansi.trs_laba_rugi: ~10 rows (approximately)
/*!40000 ALTER TABLE `trs_laba_rugi` DISABLE KEYS */;
INSERT INTO `trs_laba_rugi` (`id_laba_rugi`, `periode_laba_rugi`, `laba_rugi`, `company_id`) VALUES
	(1, '2017-02-01', 0, 1),
	(2, '2017-03-01', 0, 1),
	(3, '2017-03-01', 0, 0),
	(4, '2017-05-01', 0, 1),
	(5, '2017-06-01', 0, 1),
	(6, '2017-07-01', 0, 1),
	(7, '2017-01-01', 0, 1),
	(8, '2017-08-01', 0, 1),
	(9, '2017-04-01', 0, 1),
	(10, '2017-07-01', 0, 0);
/*!40000 ALTER TABLE `trs_laba_rugi` ENABLE KEYS */;


-- Dumping structure for table akuntansi.trs_neraca_saldo
DROP TABLE IF EXISTS `trs_neraca_saldo`;
CREATE TABLE IF NOT EXISTS `trs_neraca_saldo` (
  `id_neraca_saldo` bigint(20) NOT NULL AUTO_INCREMENT,
  `periode_neraca_saldo` date NOT NULL,
  `id_akun` int(11) NOT NULL,
  `amount` float NOT NULL,
  `debet` float NOT NULL,
  `kredit` float NOT NULL,
  `company_id` int(11) NOT NULL,
  PRIMARY KEY (`id_neraca_saldo`)
) ENGINE=InnoDB AUTO_INCREMENT=315 DEFAULT CHARSET=latin1;

-- Dumping data for table akuntansi.trs_neraca_saldo: ~156 rows (approximately)
/*!40000 ALTER TABLE `trs_neraca_saldo` DISABLE KEYS */;
INSERT INTO `trs_neraca_saldo` (`id_neraca_saldo`, `periode_neraca_saldo`, `id_akun`, `amount`, `debet`, `kredit`, `company_id`) VALUES
	(159, '2017-08-01', 1, 0, 0, 0, 1),
	(160, '2017-08-01', 2, 0, 0, 0, 1),
	(161, '2017-08-01', 3, 0, 10000, 1744, 1),
	(162, '2017-08-01', 24, 0, 0, 0, 1),
	(163, '2017-08-01', 4, 0, 0, 7000, 1),
	(164, '2017-08-01', 5, 0, 0, 0, 1),
	(165, '2017-08-01', 6, 0, 0, 0, 1),
	(166, '2017-08-01', 7, 0, 0, 3000, 1),
	(167, '2017-08-01', 8, 0, 0, 0, 1),
	(168, '2017-08-01', 9, 0, 0, 0, 1),
	(169, '2017-08-01', 10, 0, 0, 0, 1),
	(170, '2017-08-01', 148, 0, 0, 0, 1),
	(171, '2017-08-01', 11, 0, 0, 0, 1),
	(172, '2017-08-01', 12, 0, 0, 0, 1),
	(173, '2017-08-01', 29, 0, 0, 0, 1),
	(174, '2017-08-01', 30, 0, 0, 0, 1),
	(175, '2017-08-01', 33, 0, 0, 0, 1),
	(176, '2017-08-01', 38, 0, 0, 0, 1),
	(177, '2017-08-01', 43, 0, 0, 0, 1),
	(178, '2017-08-01', 44, 0, 7000, 0, 1),
	(179, '2017-08-01', 47, 0, 14, 0, 1),
	(180, '2017-08-01', 50, 0, 0, 0, 1),
	(181, '2017-08-01', 52, 0, 100, 0, 1),
	(182, '2017-08-01', 58, 0, 0, 0, 1),
	(183, '2017-08-01', 59, 0, 0, 0, 1),
	(184, '2017-08-01', 61, 0, 0, 0, 1),
	(185, '2017-08-01', 63, 0, 0, 0, 1),
	(186, '2017-08-01', 66, 0, 0, 0, 1),
	(187, '2017-08-01', 68, 0, 600, 0, 1),
	(188, '2017-08-01', 71, 0, 0, 0, 1),
	(189, '2017-08-01', 74, 0, 0, 0, 1),
	(190, '2017-08-01', 75, 0, 0, 0, 1),
	(191, '2017-08-01', 77, 0, 0, 0, 1),
	(192, '2017-08-01', 79, 0, 0, 0, 1),
	(193, '2017-08-01', 82, 0, 0, 0, 1),
	(194, '2017-08-01', 83, 0, 0, 0, 1),
	(195, '2017-08-01', 85, 0, 0, 10000, 1),
	(196, '2017-08-01', 87, 0, 0, 0, 1),
	(197, '2017-08-01', 88, 0, 0, 0, 1),
	(198, '2017-08-01', 91, 0, 30, 0, 1),
	(199, '2017-08-01', 93, 0, 0, 0, 1),
	(200, '2017-08-01', 95, 0, 0, 0, 1),
	(201, '2017-08-01', 97, 0, 0, 0, 1),
	(202, '2017-08-01', 150, 0, 0, 0, 1),
	(203, '2017-08-01', 153, 0, 0, 0, 1),
	(204, '2017-08-01', 98, 0, 0, 0, 1),
	(205, '2017-08-01', 101, 0, 0, 0, 1),
	(206, '2017-08-01', 103, 0, 0, 0, 1),
	(207, '2017-08-01', 106, 0, 0, 0, 1),
	(208, '2017-08-01', 107, 0, 0, 0, 1),
	(209, '2017-08-01', 110, 0, 0, 0, 1),
	(210, '2017-08-01', 111, 0, 0, 0, 1),
	(211, '2017-08-01', 113, 0, 0, 0, 1),
	(212, '2017-08-01', 116, 0, 0, 0, 1),
	(213, '2017-08-01', 117, 0, 0, 0, 1),
	(214, '2017-08-01', 121, 0, 0, 0, 1),
	(215, '2017-08-01', 123, 0, 0, 0, 1),
	(216, '2017-08-01', 120, 0, 0, 0, 1),
	(217, '2017-08-01', 124, 0, 0, 0, 1),
	(218, '2017-08-01', 125, 0, 0, 0, 1),
	(219, '2017-08-01', 128, 0, 0, 0, 1),
	(220, '2017-08-01', 129, 0, 0, 0, 1),
	(221, '2017-08-01', 131, 0, 0, 0, 1),
	(222, '2017-08-01', 132, 0, 0, 0, 1),
	(223, '2017-08-01', 135, 0, 0, 0, 1),
	(224, '2017-08-01', 138, 0, 0, 0, 1),
	(225, '2017-08-01', 141, 0, 0, 0, 1),
	(226, '2017-08-01', 143, 0, 0, 0, 1),
	(227, '2017-08-01', 145, 0, 0, 0, 1),
	(228, '2017-08-01', 147, 0, 0, 0, 1),
	(229, '2017-08-01', 154, 0, 0, 0, 1),
	(230, '2017-08-01', 156, 0, 0, 0, 1),
	(231, '2017-08-01', 158, 0, 0, 0, 1),
	(232, '2017-08-01', 159, 0, 0, 0, 1),
	(233, '2017-08-01', 160, 0, 0, 0, 1),
	(234, '2017-08-01', 162, 0, 0, 0, 1),
	(235, '2017-08-01', 164, 0, 0, 0, 1),
	(236, '2017-08-01', 13, 0, 0, 0, 1),
	(237, '2017-08-01', 14, 0, 0, 0, 1),
	(238, '2017-08-01', 17, 0, 0, 0, 1),
	(239, '2017-08-01', 165, 0, 0, 0, 1),
	(240, '2017-08-01', 166, 0, 0, 0, 1),
	(241, '2017-08-01', 168, 0, 0, 0, 1),
	(242, '2017-08-01', 169, 0, 0, 0, 1),
	(243, '2017-08-01', 171, 0, 4000, 0, 1),
	(244, '2017-08-01', 174, 0, 0, 0, 1),
	(245, '2017-08-01', 175, 0, 0, 0, 1),
	(246, '2017-08-01', 176, 0, 0, 0, 1),
	(247, '2017-08-01', 178, 0, 0, 0, 1),
	(248, '2017-08-01', 179, 0, 0, 0, 1),
	(249, '2017-08-01', 182, 0, 0, 0, 1),
	(250, '2017-08-01', 183, 0, 0, 0, 1),
	(251, '2017-08-01', 184, 0, 0, 0, 1),
	(252, '2017-08-01', 186, 0, 0, 0, 1),
	(253, '2017-08-01', 189, 0, 0, 0, 1),
	(254, '2017-08-01', 192, 0, 0, 0, 1),
	(255, '2017-08-01', 195, 0, 0, 0, 1),
	(256, '2017-08-01', 15, 0, 0, 0, 1),
	(257, '2017-08-01', 16, 0, 0, 0, 1),
	(258, '2017-08-01', 196, 0, 0, 0, 1),
	(259, '2017-08-01', 199, 0, 0, 0, 1),
	(260, '2017-08-01', 202, 0, 0, 0, 1),
	(261, '2017-08-01', 205, 0, 0, 0, 1),
	(262, '2017-08-01', 207, 0, 0, 0, 1),
	(263, '2017-08-01', 208, 0, 0, 0, 1),
	(264, '2017-08-01', 211, 0, 0, 0, 1),
	(265, '2017-08-01', 212, 0, 0, 0, 1),
	(266, '2017-08-01', 215, 0, 0, 0, 1),
	(267, '2017-08-01', 217, 0, 0, 0, 1),
	(268, '2017-08-01', 218, 0, 0, 0, 1),
	(269, '2017-08-01', 220, 0, 0, 0, 1),
	(270, '2017-08-01', 223, 0, 0, 0, 1),
	(271, '2017-08-01', 224, 0, 0, 0, 1),
	(272, '2017-08-01', 225, 0, 0, 0, 1),
	(273, '2017-08-01', 227, 0, 0, 0, 1),
	(274, '2017-08-01', 228, 0, 0, 0, 1),
	(275, '2017-08-01', 37, 0, 0, 0, 1),
	(276, '2017-08-01', 231, 0, 0, 0, 1),
	(277, '2017-08-01', 232, 0, 0, 0, 1),
	(278, '2017-08-01', 234, 0, 0, 0, 1),
	(279, '2017-08-01', 236, 0, 0, 0, 1),
	(280, '2017-08-01', 241, 0, 0, 0, 1),
	(281, '2017-08-01', 242, 0, 0, 0, 1),
	(282, '2017-08-01', 244, 0, 0, 0, 1),
	(283, '2017-08-01', 246, 0, 0, 0, 1),
	(284, '2017-08-01', 249, 0, 0, 0, 1),
	(285, '2017-08-01', 252, 0, 0, 0, 1),
	(286, '2017-08-01', 254, 0, 0, 0, 1),
	(287, '2017-08-01', 257, 0, 0, 0, 1),
	(288, '2017-08-01', 260, 0, 0, 0, 1),
	(289, '2017-08-01', 262, 0, 0, 0, 1),
	(290, '2017-08-01', 264, 0, 0, 0, 1),
	(291, '2017-08-01', 267, 0, 0, 0, 1),
	(292, '2017-08-01', 269, 0, 0, 0, 1),
	(293, '2017-08-01', 272, 0, 0, 0, 1),
	(294, '2017-08-01', 273, 0, 0, 0, 1),
	(295, '2017-08-01', 275, 0, 0, 0, 1),
	(296, '2017-08-01', 278, 0, 0, 0, 1),
	(297, '2017-08-01', 281, 0, 0, 0, 1),
	(298, '2017-08-01', 284, 0, 0, 0, 1),
	(299, '2017-08-01', 286, 0, 0, 0, 1),
	(300, '2017-08-01', 287, 0, 0, 0, 1),
	(301, '2017-08-01', 290, 0, 0, 0, 1),
	(302, '2017-08-01', 293, 0, 0, 0, 1),
	(303, '2017-08-01', 294, 0, 0, 0, 1),
	(304, '2017-08-01', 296, 0, 0, 0, 1),
	(305, '2017-08-01', 298, 0, 0, 0, 1),
	(306, '2017-08-01', 301, 0, 0, 0, 1),
	(307, '2017-08-01', 303, 0, 0, 0, 1),
	(308, '2017-08-01', 304, 0, 0, 0, 1),
	(309, '2017-08-01', 306, 0, 0, 0, 1),
	(310, '2017-08-01', 307, 0, 0, 0, 1),
	(311, '2017-08-01', 311, 0, 0, 0, 1),
	(312, '2017-08-01', 309, 0, 0, 0, 1),
	(313, '2017-08-01', 312, 0, 0, 0, 1),
	(314, '2017-08-01', 313, 0, 0, 0, 1);
/*!40000 ALTER TABLE `trs_neraca_saldo` ENABLE KEYS */;


-- Dumping structure for table akuntansi.trs_neraca_saldo_tmp
DROP TABLE IF EXISTS `trs_neraca_saldo_tmp`;
CREATE TABLE IF NOT EXISTS `trs_neraca_saldo_tmp` (
  `id_neraca_saldo` bigint(20) NOT NULL AUTO_INCREMENT,
  `periode_neraca_saldo` date NOT NULL,
  `id_akun` int(11) NOT NULL,
  `amount` float NOT NULL,
  `debet` float NOT NULL,
  `kredit` float NOT NULL,
  `company_id` int(11) NOT NULL,
  PRIMARY KEY (`id_neraca_saldo`)
) ENGINE=InnoDB DEFAULT CHARSET=latin1;

-- Dumping data for table akuntansi.trs_neraca_saldo_tmp: ~0 rows (approximately)
/*!40000 ALTER TABLE `trs_neraca_saldo_tmp` DISABLE KEYS */;
/*!40000 ALTER TABLE `trs_neraca_saldo_tmp` ENABLE KEYS */;


-- Dumping structure for table akuntansi.trs_tutup_buku_bulanan
DROP TABLE IF EXISTS `trs_tutup_buku_bulanan`;
CREATE TABLE IF NOT EXISTS `trs_tutup_buku_bulanan` (
  `id` int(11) NOT NULL AUTO_INCREMENT,
  `periode_tb_bulanan` date NOT NULL,
  `awal` date NOT NULL,
  `akhir` date NOT NULL,
  `yang_buat` int(11) NOT NULL,
  `tgl_dibuat` timestamp NOT NULL DEFAULT CURRENT_TIMESTAMP,
  `company_id` int(11) NOT NULL,
  `kode_unik` varchar(10) NOT NULL,
  `status` varchar(1) NOT NULL,
  `id_batalkan` bigint(20) NOT NULL,
  PRIMARY KEY (`id`)
) ENGINE=InnoDB AUTO_INCREMENT=3 DEFAULT CHARSET=latin1;

-- Dumping data for table akuntansi.trs_tutup_buku_bulanan: ~2 rows (approximately)
/*!40000 ALTER TABLE `trs_tutup_buku_bulanan` DISABLE KEYS */;
INSERT INTO `trs_tutup_buku_bulanan` (`id`, `periode_tb_bulanan`, `awal`, `akhir`, `yang_buat`, `tgl_dibuat`, `company_id`, `kode_unik`, `status`, `id_batalkan`) VALUES
	(1, '0000-00-00', '2016-01-01', '2016-12-31', 11, '2017-11-06 17:17:38', 0, '', 'N', 0),
	(2, '0000-00-00', '2017-11-01', '2017-11-30', 11, '2017-11-06 17:17:38', 0, '', 'A', 0);
/*!40000 ALTER TABLE `trs_tutup_buku_bulanan` ENABLE KEYS */;


-- Dumping structure for table akuntansi.users
DROP TABLE IF EXISTS `users`;
CREATE TABLE IF NOT EXISTS `users` (
  `user_id` int(10) unsigned NOT NULL,
  `user_username` varchar(80) NOT NULL,
  `user_password` varchar(256) NOT NULL,
  `user_cizacl_role_id` int(11) NOT NULL,
  `user_auth` int(11) DEFAULT NULL,
  `user_auth_date` int(11) DEFAULT NULL,
  PRIMARY KEY (`user_id`)
) ENGINE=MyISAM DEFAULT CHARSET=utf8 ROW_FORMAT=DYNAMIC;

-- Dumping data for table akuntansi.users: 2 rows
/*!40000 ALTER TABLE `users` DISABLE KEYS */;
INSERT INTO `users` (`user_id`, `user_username`, `user_password`, `user_cizacl_role_id`, `user_auth`, `user_auth_date`) VALUES
	(6, 'buana_roy@yahoo.co.id', '8c6976e5b5410415bde908bd4dee15dfb167a9c873fc4bb8a81f6f2ab448a918', 5, NULL, NULL),
	(7, 'pemohon@gmailz.com', 'pemohon', 5, NULL, NULL);
/*!40000 ALTER TABLE `users` ENABLE KEYS */;


-- Dumping structure for table akuntansi.user_profiles
DROP TABLE IF EXISTS `user_profiles`;
CREATE TABLE IF NOT EXISTS `user_profiles` (
  `user_profile_id` int(10) unsigned NOT NULL AUTO_INCREMENT,
  `user_profile_user_id` int(10) unsigned DEFAULT NULL,
  `user_profile_pengguna_id` int(10) unsigned NOT NULL,
  `user_profile_name` varchar(50) NOT NULL,
  `user_profile_surname` varchar(50) DEFAULT NULL,
  `user_profile_email` varchar(100) DEFAULT NULL,
  `user_profile_user_status_code` tinyint(1) DEFAULT NULL,
  `user_profile_lastaccess` int(11) DEFAULT NULL,
  `user_profile_added` int(11) DEFAULT NULL,
  `user_profile_edited` int(11) DEFAULT NULL,
  `user_profile_added_by` int(10) DEFAULT NULL,
  `user_profile_edited_by` int(10) DEFAULT NULL,
  PRIMARY KEY (`user_profile_id`)
) ENGINE=MyISAM AUTO_INCREMENT=9 DEFAULT CHARSET=utf8 ROW_FORMAT=DYNAMIC;

-- Dumping data for table akuntansi.user_profiles: 8 rows
/*!40000 ALTER TABLE `user_profiles` DISABLE KEYS */;
INSERT INTO `user_profiles` (`user_profile_id`, `user_profile_user_id`, `user_profile_pengguna_id`, `user_profile_name`, `user_profile_surname`, `user_profile_email`, `user_profile_user_status_code`, `user_profile_lastaccess`, `user_profile_added`, `user_profile_edited`, `user_profile_added_by`, `user_profile_edited_by`) VALUES
	(1, 1, 1, 'Bp. Iqbal', 'MES', 'nanang.programmer@gmail.com', 1, 1509432330, 1310827985, NULL, 0, NULL),
	(2, 6, 6, 'Roy', 'Rustianto', 'd', 1, 1509551535, 1310827985, NULL, 0, NULL),
	(3, 7, 7, 'Pemohon', 'Pemohon', 's', 1, 1506320803, 1310827985, NULL, 0, NULL),
	(4, 8, 8, 'Penyelia', NULL, NULL, NULL, NULL, NULL, NULL, NULL, NULL),
	(5, 9, 9, 'mohon', NULL, NULL, NULL, NULL, NULL, NULL, NULL, NULL),
	(6, 1, 11, 'Nanang ', 'Rustianto', 'nanang.programmer@gmail.com', 1, 1509432330, 1310827985, NULL, 0, NULL),
	(7, NULL, 12, 'Pemohon 1', NULL, NULL, NULL, NULL, NULL, NULL, NULL, NULL),
	(8, NULL, 13, 'Sultan', NULL, NULL, NULL, NULL, NULL, NULL, NULL, NULL);
/*!40000 ALTER TABLE `user_profiles` ENABLE KEYS */;


-- Dumping structure for table akuntansi.user_status
DROP TABLE IF EXISTS `user_status`;
CREATE TABLE IF NOT EXISTS `user_status` (
  `user_status_id` int(10) unsigned NOT NULL AUTO_INCREMENT,
  `user_status_name` varchar(10) NOT NULL,
  `user_status_code` tinyint(1) NOT NULL,
  PRIMARY KEY (`user_status_id`)
) ENGINE=MyISAM AUTO_INCREMENT=4 DEFAULT CHARSET=utf8 ROW_FORMAT=DYNAMIC;

-- Dumping data for table akuntansi.user_status: 3 rows
/*!40000 ALTER TABLE `user_status` DISABLE KEYS */;
INSERT INTO `user_status` (`user_status_id`, `user_status_name`, `user_status_code`) VALUES
	(1, 'enabled', 1),
	(2, 'disabled', 2),
	(3, 'blocked', 3);
/*!40000 ALTER TABLE `user_status` ENABLE KEYS */;


-- Dumping structure for table akuntansi.volley_upload
DROP TABLE IF EXISTS `volley_upload`;
CREATE TABLE IF NOT EXISTS `volley_upload` (
  `id` int(10) NOT NULL AUTO_INCREMENT,
  `paket` varchar(20) NOT NULL,
  `name` varchar(50) DEFAULT NULL,
  `photo` text,
  `qty` int(11) DEFAULT NULL,
  `latx` varchar(50) NOT NULL,
  `longx` varchar(50) NOT NULL,
  `approve` enum('Tidak','Ya') NOT NULL,
  `waktu` timestamp NOT NULL DEFAULT CURRENT_TIMESTAMP,
  `news_description` text NOT NULL,
  `nik` varchar(60) NOT NULL,
  `hp` varchar(60) NOT NULL,
  `laporan` varchar(250) NOT NULL DEFAULT '-',
  `desa` varchar(100) NOT NULL,
  `kecamatan` varchar(100) NOT NULL,
  PRIMARY KEY (`id`)
) ENGINE=InnoDB AUTO_INCREMENT=62 DEFAULT CHARSET=latin1;

-- Dumping data for table akuntansi.volley_upload: ~1 rows (approximately)
/*!40000 ALTER TABLE `volley_upload` DISABLE KEYS */;
INSERT INTO `volley_upload` (`id`, `paket`, `name`, `photo`, `qty`, `latx`, `longx`, `approve`, `waktu`, `news_description`, `nik`, `hp`, `laporan`, `desa`, `kecamatan`) VALUES
	(61, 'chandra', 'yuyun', 'http://192.168.0.100/esumikolah/android/upload_image/images/nxfp6merqg892qa2yazv.png', 0, '-5.1599379', '119.4435253', 'Tidak', '2017-12-31 04:54:42', 'Di Luar jangkauan', '888', '9999', 'Di Luar Radius Absen', 'Kantor Desa Balirejo', 'ANGKONA');
/*!40000 ALTER TABLE `volley_upload` ENABLE KEYS */;


-- Dumping structure for view akuntansi.cizacl_resources_v
DROP VIEW IF EXISTS `cizacl_resources_v`;
-- Removing temporary table and create final VIEW structure
DROP TABLE IF EXISTS `cizacl_resources_v`;
CREATE ALGORITHM=UNDEFINED DEFINER=`root`@`localhost` VIEW `cizacl_resources_v` AS select `A`.`cizacl_resource_id` AS `cizacl_resource_id`,concat('["',`A`.`cizacl_resource_controller`,'"]') AS `controller`,if((`A`.`cizacl_resource_function` is not null),concat('["',`A`.`cizacl_resource_function`,'"]'),'[null]') AS `method` from `cizacl_resources` `A` ;


-- Dumping structure for view akuntansi.trs_jurnal_detail_v
DROP VIEW IF EXISTS `trs_jurnal_detail_v`;
-- Removing temporary table and create final VIEW structure
DROP TABLE IF EXISTS `trs_jurnal_detail_v`;
CREATE ALGORITHM=UNDEFINED DEFINER=`root`@`localhost` VIEW `trs_jurnal_detail_v` AS select `A`.`id_jurnal_detail` AS `id_jurnal_detail`,`A`.`id_jurnal` AS `id_jurnal`,`A`.`id_akun` AS `id_akun`,`A`.`uraian` AS `uraian`,`A`.`amount` AS `amount`,`A`.`debet` AS `debet`,`A`.`kredit` AS `kredit`,`B`.`kode_akun` AS `kode_akun`,`C`.`tgl_jurnal` AS `tanggal`,`C`.`no_bukti` AS `no_bukti` from ((`trs_jurnal_detail` `A` join `mst_akun` `B`) join `trs_jurnal` `C`) where ((`A`.`id_akun` = `B`.`id_akun`) and (`C`.`id_jurnal` = `A`.`id_jurnal`)) ;
/*!40101 SET SQL_MODE=IFNULL(@OLD_SQL_MODE, '') */;
/*!40014 SET FOREIGN_KEY_CHECKS=IF(@OLD_FOREIGN_KEY_CHECKS IS NULL, 1, @OLD_FOREIGN_KEY_CHECKS) */;
/*!40101 SET CHARACTER_SET_CLIENT=@OLD_CHARACTER_SET_CLIENT */;
